ISO-10303-21;
HEADER;
/* Generated by software containing ST-Developer
 * from STEP Tools, Inc. (www.steptools.com) 
 */

FILE_DESCRIPTION(
/* description */ (''),
/* implementation_level */ '2;1');

FILE_NAME(
/* name */ 'NexBar.step',
/* time_stamp */ '2026-08-30T23:28:49-04:00',
/* author */ (''),
/* organization */ (''),
/* preprocessor_version */ 'ST-DEVELOPER v20.1',
/* originating_system */ 'Autodesk Translation Framework v15.8.0.0',
/* authorisation */ '');

FILE_SCHEMA (('AUTOMOTIVE_DESIGN { 1 0 10303 214 3 1 1 }'));
ENDSEC;

DATA;
#10=MECHANICAL_DESIGN_GEOMETRIC_PRESENTATION_REPRESENTATION('',(#13,#14),
#2004);
#11=SHAPE_REPRESENTATION_RELATIONSHIP('SRR','None',#2010,#12);
#12=ADVANCED_BREP_SHAPE_REPRESENTATION('',(#15,#16),#2003);
#13=STYLED_ITEM('',(#2019),#15);
#14=STYLED_ITEM('',(#2019),#16);
#15=MANIFOLD_SOLID_BREP('Body2',#1104);
#16=MANIFOLD_SOLID_BREP('Body11',#1105);
#17=ELLIPSE('',#1135,8.48303011900818,8.47);
#18=ELLIPSE('',#1182,8.48303011900818,8.47);
#19=B_SPLINE_SURFACE_WITH_KNOTS('',3,1,((#1632,#1633),(#1634,#1635),(#1636,
#1637),(#1638,#1639),(#1640,#1641),(#1642,#1643),(#1644,#1645),(#1646,#1647),
(#1648,#1649),(#1650,#1651),(#1652,#1653),(#1654,#1655)),.UNSPECIFIED.,
 .F.,.F.,.F.,(4,2,2,2,2,4),(2,2),(0.,0.310313753764509,0.608601608980418,
0.883096475040929,1.15326838794416,1.25565360765391),(-1.09326843931181,
0.325),.UNSPECIFIED.);
#20=B_SPLINE_SURFACE_WITH_KNOTS('',3,3,((#1676,#1677,#1678,#1679,#1680,
#1681,#1682),(#1683,#1684,#1685,#1686,#1687,#1688,#1689),(#1690,#1691,#1692,
#1693,#1694,#1695,#1696),(#1697,#1698,#1699,#1700,#1701,#1702,#1703),(#1704,
#1705,#1706,#1707,#1708,#1709,#1710)),.UNSPECIFIED.,.F.,.F.,.F.,(4,1,4),
(4,1,1,1,4),(-3.5363525884194E-19,0.347225728942531,0.810193367532571),
(-3.71258579434652E-13,0.175910972403791,0.527732917212116,0.879554862020441,
1.23137680682877),.UNSPECIFIED.);
#21=B_SPLINE_SURFACE_WITH_KNOTS('',3,1,((#1860,#1861),(#1862,#1863),(#1864,
#1865),(#1866,#1867),(#1868,#1869),(#1870,#1871),(#1872,#1873),(#1874,#1875),
(#1876,#1877),(#1878,#1879),(#1880,#1881),(#1882,#1883)),.UNSPECIFIED.,
 .F.,.F.,.F.,(4,2,2,2,2,4),(2,2),(0.,0.234528916497641,0.511095773727063,
0.826478632281311,1.03689481828746,1.25504614237797),(0.,0.325),
 .UNSPECIFIED.);
#22=B_SPLINE_SURFACE_WITH_KNOTS('',3,3,((#1925,#1926,#1927,#1928,#1929,
#1930,#1931),(#1932,#1933,#1934,#1935,#1936,#1937,#1938),(#1939,#1940,#1941,
#1942,#1943,#1944,#1945),(#1946,#1947,#1948,#1949,#1950,#1951,#1952),(#1953,
#1954,#1955,#1956,#1957,#1958,#1959)),.UNSPECIFIED.,.F.,.F.,.F.,(4,1,4),
(4,1,1,1,4),(0.18980663246744,0.537032361409966,1.),(1.47636040508664E-16,
0.17591097240411,0.351821944808219,0.703643889616438,1.23137680682877),
 .UNSPECIFIED.);
#23=TOROIDAL_SURFACE('',#1121,2.,1.);
#24=TOROIDAL_SURFACE('',#1124,6.112,1.);
#25=SPHERICAL_SURFACE('',#1116,1.35);
#26=SPHERICAL_SURFACE('',#1156,2.1);
#27=CYLINDRICAL_SURFACE('',#1112,7.112);
#28=CYLINDRICAL_SURFACE('',#1114,1.);
#29=CYLINDRICAL_SURFACE('',#1118,1.);
#30=CYLINDRICAL_SURFACE('',#1136,7.112);
#31=CYLINDRICAL_SURFACE('',#1145,4.25);
#32=CYLINDRICAL_SURFACE('',#1166,3.);
#33=CYLINDRICAL_SURFACE('',#1167,3.);
#34=CYLINDRICAL_SURFACE('',#1180,8.);
#35=CYLINDRICAL_SURFACE('',#1183,8.47);
#36=CYLINDRICAL_SURFACE('',#1184,8.);
#37=CYLINDRICAL_SURFACE('',#1189,8.);
#38=CYLINDRICAL_SURFACE('',#1195,7.112);
#39=CYLINDRICAL_SURFACE('',#1197,8.);
#40=FACE_BOUND('',#111,.T.);
#41=FACE_BOUND('',#134,.T.);
#42=B_SPLINE_CURVE_WITH_KNOTS('',3,(#1517,#1518,#1519,#1520,#1521,#1522,
#1523,#1524,#1525,#1526),.UNSPECIFIED.,.F.,.F.,(4,2,2,2,4),(0.446090117506911,
0.483463483268322,0.520670272479268,0.557727398806466,0.594678991801161),
 .UNSPECIFIED.);
#43=B_SPLINE_CURVE_WITH_KNOTS('',3,(#1536,#1537,#1538,#1539,#1540,#1541,
#1542,#1543,#1544,#1545,#1546,#1547,#1548,#1549,#1550,#1551),
 .UNSPECIFIED.,.F.,.F.,(4,3,3,3,3,4),(0.,0.310313753764509,0.608601608980418,
0.883096475040929,1.15326838794416,1.25565360765391),.UNSPECIFIED.);
#44=B_SPLINE_CURVE_WITH_KNOTS('',3,(#1658,#1659,#1660,#1661,#1662,#1663,
#1664,#1665,#1666,#1667,#1668,#1669,#1670,#1671,#1672,#1673),
 .UNSPECIFIED.,.F.,.F.,(4,3,3,3,3,4),(1.01883398477146,1.32917530847763,
1.62748966518973,1.90200891884941,2.17220483527741,2.27459915144021),
 .UNSPECIFIED.);
#45=B_SPLINE_CURVE_WITH_KNOTS('',3,(#1797,#1798,#1799,#1800,#1801,#1802,
#1803,#1804,#1805,#1806,#1807,#1808,#1809,#1810,#1811,#1812),
 .UNSPECIFIED.,.F.,.F.,(4,3,3,3,3,4),(0.,0.234528916497641,0.511095773727063,
0.826478632281311,1.03689481828746,1.25504614237797),.UNSPECIFIED.);
#46=B_SPLINE_CURVE_WITH_KNOTS('',3,(#1885,#1886,#1887,#1888,#1889,#1890,
#1891,#1892,#1893,#1894,#1895,#1896,#1897,#1898,#1899,#1900),
 .UNSPECIFIED.,.F.,.F.,(4,3,3,3,3,4),(-1.25504614237797,-1.03689481828746,
-0.826478632281311,-0.511095773727063,-0.234528916497641,0.),
 .UNSPECIFIED.);
#47=FACE_OUTER_BOUND('',#109,.T.);
#48=FACE_OUTER_BOUND('',#110,.T.);
#49=FACE_OUTER_BOUND('',#112,.T.);
#50=FACE_OUTER_BOUND('',#113,.T.);
#51=FACE_OUTER_BOUND('',#114,.T.);
#52=FACE_OUTER_BOUND('',#115,.T.);
#53=FACE_OUTER_BOUND('',#116,.T.);
#54=FACE_OUTER_BOUND('',#117,.T.);
#55=FACE_OUTER_BOUND('',#118,.T.);
#56=FACE_OUTER_BOUND('',#119,.T.);
#57=FACE_OUTER_BOUND('',#120,.T.);
#58=FACE_OUTER_BOUND('',#121,.T.);
#59=FACE_OUTER_BOUND('',#122,.T.);
#60=FACE_OUTER_BOUND('',#123,.T.);
#61=FACE_OUTER_BOUND('',#124,.T.);
#62=FACE_OUTER_BOUND('',#125,.T.);
#63=FACE_OUTER_BOUND('',#126,.T.);
#64=FACE_OUTER_BOUND('',#127,.T.);
#65=FACE_OUTER_BOUND('',#128,.T.);
#66=FACE_OUTER_BOUND('',#129,.T.);
#67=FACE_OUTER_BOUND('',#130,.T.);
#68=FACE_OUTER_BOUND('',#131,.T.);
#69=FACE_OUTER_BOUND('',#132,.T.);
#70=FACE_OUTER_BOUND('',#133,.T.);
#71=FACE_OUTER_BOUND('',#135,.T.);
#72=FACE_OUTER_BOUND('',#136,.T.);
#73=FACE_OUTER_BOUND('',#137,.T.);
#74=FACE_OUTER_BOUND('',#138,.T.);
#75=FACE_OUTER_BOUND('',#139,.T.);
#76=FACE_OUTER_BOUND('',#140,.T.);
#77=FACE_OUTER_BOUND('',#141,.T.);
#78=FACE_OUTER_BOUND('',#142,.T.);
#79=FACE_OUTER_BOUND('',#143,.T.);
#80=FACE_OUTER_BOUND('',#144,.T.);
#81=FACE_OUTER_BOUND('',#145,.T.);
#82=FACE_OUTER_BOUND('',#146,.T.);
#83=FACE_OUTER_BOUND('',#147,.T.);
#84=FACE_OUTER_BOUND('',#148,.T.);
#85=FACE_OUTER_BOUND('',#149,.T.);
#86=FACE_OUTER_BOUND('',#150,.T.);
#87=FACE_OUTER_BOUND('',#151,.T.);
#88=FACE_OUTER_BOUND('',#152,.T.);
#89=FACE_OUTER_BOUND('',#153,.T.);
#90=FACE_OUTER_BOUND('',#154,.T.);
#91=FACE_OUTER_BOUND('',#155,.T.);
#92=FACE_OUTER_BOUND('',#156,.T.);
#93=FACE_OUTER_BOUND('',#157,.T.);
#94=FACE_OUTER_BOUND('',#158,.T.);
#95=FACE_OUTER_BOUND('',#159,.T.);
#96=FACE_OUTER_BOUND('',#160,.T.);
#97=FACE_OUTER_BOUND('',#161,.T.);
#98=FACE_OUTER_BOUND('',#162,.T.);
#99=FACE_OUTER_BOUND('',#163,.T.);
#100=FACE_OUTER_BOUND('',#164,.T.);
#101=FACE_OUTER_BOUND('',#165,.T.);
#102=FACE_OUTER_BOUND('',#166,.T.);
#103=FACE_OUTER_BOUND('',#167,.T.);
#104=FACE_OUTER_BOUND('',#168,.T.);
#105=FACE_OUTER_BOUND('',#169,.T.);
#106=FACE_OUTER_BOUND('',#170,.T.);
#107=FACE_OUTER_BOUND('',#171,.T.);
#108=FACE_OUTER_BOUND('',#172,.T.);
#109=EDGE_LOOP('',(#691,#692,#693,#694,#695));
#110=EDGE_LOOP('',(#696,#697,#698,#699,#700,#701,#702,#703,#704,#705));
#111=EDGE_LOOP('',(#706));
#112=EDGE_LOOP('',(#707,#708,#709,#710));
#113=EDGE_LOOP('',(#711,#712,#713,#714));
#114=EDGE_LOOP('',(#715,#716,#717));
#115=EDGE_LOOP('',(#718,#719,#720,#721));
#116=EDGE_LOOP('',(#722,#723,#724,#725));
#117=EDGE_LOOP('',(#726,#727,#728,#729));
#118=EDGE_LOOP('',(#730,#731,#732,#733,#734,#735,#736,#737,#738));
#119=EDGE_LOOP('',(#739,#740,#741,#742));
#120=EDGE_LOOP('',(#743,#744,#745,#746));
#121=EDGE_LOOP('',(#747,#748,#749,#750,#751,#752,#753,#754,#755,#756,#757,
#758,#759,#760,#761,#762,#763,#764));
#122=EDGE_LOOP('',(#765,#766,#767,#768));
#123=EDGE_LOOP('',(#769,#770,#771));
#124=EDGE_LOOP('',(#772,#773,#774,#775));
#125=EDGE_LOOP('',(#776,#777,#778,#779,#780,#781));
#126=EDGE_LOOP('',(#782,#783,#784,#785,#786,#787,#788,#789,#790,#791,#792,
#793,#794,#795));
#127=EDGE_LOOP('',(#796,#797,#798,#799));
#128=EDGE_LOOP('',(#800,#801,#802,#803,#804));
#129=EDGE_LOOP('',(#805,#806,#807,#808,#809,#810,#811,#812,#813,#814,#815,
#816));
#130=EDGE_LOOP('',(#817,#818,#819,#820));
#131=EDGE_LOOP('',(#821,#822,#823,#824));
#132=EDGE_LOOP('',(#825,#826,#827,#828));
#133=EDGE_LOOP('',(#829,#830,#831,#832,#833,#834,#835));
#134=EDGE_LOOP('',(#836));
#135=EDGE_LOOP('',(#837,#838,#839,#840));
#136=EDGE_LOOP('',(#841,#842,#843,#844,#845,#846));
#137=EDGE_LOOP('',(#847,#848,#849));
#138=EDGE_LOOP('',(#850,#851,#852,#853));
#139=EDGE_LOOP('',(#854,#855,#856,#857,#858));
#140=EDGE_LOOP('',(#859,#860,#861,#862,#863));
#141=EDGE_LOOP('',(#864,#865,#866,#867));
#142=EDGE_LOOP('',(#868,#869,#870,#871));
#143=EDGE_LOOP('',(#872,#873,#874,#875));
#144=EDGE_LOOP('',(#876,#877,#878,#879));
#145=EDGE_LOOP('',(#880,#881,#882,#883,#884,#885,#886));
#146=EDGE_LOOP('',(#887,#888,#889,#890));
#147=EDGE_LOOP('',(#891,#892,#893,#894));
#148=EDGE_LOOP('',(#895,#896,#897,#898));
#149=EDGE_LOOP('',(#899,#900,#901,#902));
#150=EDGE_LOOP('',(#903,#904,#905,#906,#907));
#151=EDGE_LOOP('',(#908,#909,#910,#911));
#152=EDGE_LOOP('',(#912,#913,#914,#915));
#153=EDGE_LOOP('',(#916,#917,#918,#919));
#154=EDGE_LOOP('',(#920,#921,#922,#923));
#155=EDGE_LOOP('',(#924,#925,#926,#927));
#156=EDGE_LOOP('',(#928,#929,#930,#931));
#157=EDGE_LOOP('',(#932,#933,#934,#935));
#158=EDGE_LOOP('',(#936,#937,#938,#939));
#159=EDGE_LOOP('',(#940,#941,#942,#943));
#160=EDGE_LOOP('',(#944,#945,#946,#947));
#161=EDGE_LOOP('',(#948,#949,#950,#951));
#162=EDGE_LOOP('',(#952,#953,#954));
#163=EDGE_LOOP('',(#955,#956,#957,#958,#959,#960));
#164=EDGE_LOOP('',(#961,#962,#963,#964));
#165=EDGE_LOOP('',(#965,#966,#967,#968,#969,#970));
#166=EDGE_LOOP('',(#971,#972,#973,#974));
#167=EDGE_LOOP('',(#975,#976,#977,#978));
#168=EDGE_LOOP('',(#979,#980,#981,#982,#983,#984));
#169=EDGE_LOOP('',(#985,#986,#987,#988));
#170=EDGE_LOOP('',(#989,#990,#991,#992));
#171=EDGE_LOOP('',(#993,#994,#995,#996));
#172=EDGE_LOOP('',(#997,#998,#999,#1000));
#173=LINE('',#1509,#289);
#174=LINE('',#1511,#290);
#175=LINE('',#1512,#291);
#176=LINE('',#1515,#292);
#177=LINE('',#1528,#293);
#178=LINE('',#1530,#294);
#179=LINE('',#1532,#295);
#180=LINE('',#1534,#296);
#181=LINE('',#1553,#297);
#182=LINE('',#1554,#298);
#183=LINE('',#1559,#299);
#184=LINE('',#1563,#300);
#185=LINE('',#1573,#301);
#186=LINE('',#1575,#302);
#187=LINE('',#1584,#303);
#188=LINE('',#1586,#304);
#189=LINE('',#1588,#305);
#190=LINE('',#1590,#306);
#191=LINE('',#1594,#307);
#192=LINE('',#1596,#308);
#193=LINE('',#1597,#309);
#194=LINE('',#1599,#310);
#195=LINE('',#1602,#311);
#196=LINE('',#1604,#312);
#197=LINE('',#1606,#313);
#198=LINE('',#1608,#314);
#199=LINE('',#1610,#315);
#200=LINE('',#1612,#316);
#201=LINE('',#1616,#317);
#202=LINE('',#1618,#318);
#203=LINE('',#1620,#319);
#204=LINE('',#1624,#320);
#205=LINE('',#1628,#321);
#206=LINE('',#1630,#322);
#207=LINE('',#1631,#323);
#208=LINE('',#1674,#324);
#209=LINE('',#1675,#325);
#210=LINE('',#1719,#326);
#211=LINE('',#1723,#327);
#212=LINE('',#1727,#328);
#213=LINE('',#1728,#329);
#214=LINE('',#1732,#330);
#215=LINE('',#1735,#331);
#216=LINE('',#1736,#332);
#217=LINE('',#1738,#333);
#218=LINE('',#1740,#334);
#219=LINE('',#1742,#335);
#220=LINE('',#1744,#336);
#221=LINE('',#1746,#337);
#222=LINE('',#1750,#338);
#223=LINE('',#1751,#339);
#224=LINE('',#1752,#340);
#225=LINE('',#1755,#341);
#226=LINE('',#1760,#342);
#227=LINE('',#1764,#343);
#228=LINE('',#1766,#344);
#229=LINE('',#1767,#345);
#230=LINE('',#1769,#346);
#231=LINE('',#1771,#347);
#232=LINE('',#1772,#348);
#233=LINE('',#1774,#349);
#234=LINE('',#1776,#350);
#235=LINE('',#1777,#351);
#236=LINE('',#1779,#352);
#237=LINE('',#1781,#353);
#238=LINE('',#1784,#354);
#239=LINE('',#1786,#355);
#240=LINE('',#1787,#356);
#241=LINE('',#1790,#357);
#242=LINE('',#1792,#358);
#243=LINE('',#1794,#359);
#244=LINE('',#1796,#360);
#245=LINE('',#1817,#361);
#246=LINE('',#1818,#362);
#247=LINE('',#1821,#363);
#248=LINE('',#1822,#364);
#249=LINE('',#1828,#365);
#250=LINE('',#1830,#366);
#251=LINE('',#1831,#367);
#252=LINE('',#1833,#368);
#253=LINE('',#1834,#369);
#254=LINE('',#1836,#370);
#255=LINE('',#1837,#371);
#256=LINE('',#1840,#372);
#257=LINE('',#1842,#373);
#258=LINE('',#1843,#374);
#259=LINE('',#1846,#375);
#260=LINE('',#1847,#376);
#261=LINE('',#1850,#377);
#262=LINE('',#1851,#378);
#263=LINE('',#1853,#379);
#264=LINE('',#1855,#380);
#265=LINE('',#1857,#381);
#266=LINE('',#1859,#382);
#267=LINE('',#1901,#383);
#268=LINE('',#1903,#384);
#269=LINE('',#1904,#385);
#270=LINE('',#1906,#386);
#271=LINE('',#1910,#387);
#272=LINE('',#1912,#388);
#273=LINE('',#1914,#389);
#274=LINE('',#1915,#390);
#275=LINE('',#1919,#391);
#276=LINE('',#1921,#392);
#277=LINE('',#1966,#393);
#278=LINE('',#1970,#394);
#279=LINE('',#1974,#395);
#280=LINE('',#1978,#396);
#281=LINE('',#1981,#397);
#282=LINE('',#1984,#398);
#283=LINE('',#1985,#399);
#284=LINE('',#1990,#400);
#285=LINE('',#1993,#401);
#286=LINE('',#1995,#402);
#287=LINE('',#1997,#403);
#288=LINE('',#1999,#404);
#289=VECTOR('',#1207,10.);
#290=VECTOR('',#1208,10.);
#291=VECTOR('',#1209,10.);
#292=VECTOR('',#1212,10.);
#293=VECTOR('',#1213,10.);
#294=VECTOR('',#1214,10.);
#295=VECTOR('',#1215,10.);
#296=VECTOR('',#1216,10.);
#297=VECTOR('',#1217,10.);
#298=VECTOR('',#1218,10.);
#299=VECTOR('',#1223,10.);
#300=VECTOR('',#1228,10.);
#301=VECTOR('',#1239,10.);
#302=VECTOR('',#1242,10.);
#303=VECTOR('',#1255,10.);
#304=VECTOR('',#1256,10.);
#305=VECTOR('',#1257,10.);
#306=VECTOR('',#1258,10.);
#307=VECTOR('',#1263,10.);
#308=VECTOR('',#1264,10.);
#309=VECTOR('',#1265,10.);
#310=VECTOR('',#1268,10.);
#311=VECTOR('',#1271,10.);
#312=VECTOR('',#1272,10.);
#313=VECTOR('',#1273,10.);
#314=VECTOR('',#1274,10.);
#315=VECTOR('',#1275,10.);
#316=VECTOR('',#1276,10.);
#317=VECTOR('',#1279,10.);
#318=VECTOR('',#1280,10.);
#319=VECTOR('',#1281,10.);
#320=VECTOR('',#1284,10.);
#321=VECTOR('',#1287,10.);
#322=VECTOR('',#1288,10.);
#323=VECTOR('',#1289,10.);
#324=VECTOR('',#1290,10.);
#325=VECTOR('',#1291,10.);
#326=VECTOR('',#1302,10.);
#327=VECTOR('',#1305,10.);
#328=VECTOR('',#1308,10.);
#329=VECTOR('',#1309,10.);
#330=VECTOR('',#1312,10.);
#331=VECTOR('',#1315,10.);
#332=VECTOR('',#1316,10.);
#333=VECTOR('',#1317,10.);
#334=VECTOR('',#1318,10.);
#335=VECTOR('',#1319,10.);
#336=VECTOR('',#1320,10.);
#337=VECTOR('',#1321,10.);
#338=VECTOR('',#1326,10.);
#339=VECTOR('',#1327,10.);
#340=VECTOR('',#1328,10.);
#341=VECTOR('',#1331,4.25);
#342=VECTOR('',#1336,10.);
#343=VECTOR('',#1339,10.);
#344=VECTOR('',#1340,10.);
#345=VECTOR('',#1341,10.);
#346=VECTOR('',#1342,10.);
#347=VECTOR('',#1343,10.);
#348=VECTOR('',#1344,10.);
#349=VECTOR('',#1345,10.);
#350=VECTOR('',#1346,10.);
#351=VECTOR('',#1347,10.);
#352=VECTOR('',#1350,10.);
#353=VECTOR('',#1353,10.);
#354=VECTOR('',#1356,10.);
#355=VECTOR('',#1357,10.);
#356=VECTOR('',#1358,10.);
#357=VECTOR('',#1361,10.);
#358=VECTOR('',#1362,10.);
#359=VECTOR('',#1363,10.);
#360=VECTOR('',#1364,10.);
#361=VECTOR('',#1369,10.);
#362=VECTOR('',#1370,10.);
#363=VECTOR('',#1373,10.);
#364=VECTOR('',#1374,10.);
#365=VECTOR('',#1381,10.);
#366=VECTOR('',#1382,10.);
#367=VECTOR('',#1383,10.);
#368=VECTOR('',#1386,10.);
#369=VECTOR('',#1387,10.);
#370=VECTOR('',#1390,10.);
#371=VECTOR('',#1391,10.);
#372=VECTOR('',#1394,10.);
#373=VECTOR('',#1395,10.);
#374=VECTOR('',#1396,10.);
#375=VECTOR('',#1399,10.);
#376=VECTOR('',#1400,10.);
#377=VECTOR('',#1403,10.);
#378=VECTOR('',#1404,10.);
#379=VECTOR('',#1407,10.);
#380=VECTOR('',#1410,10.);
#381=VECTOR('',#1413,10.);
#382=VECTOR('',#1416,10.);
#383=VECTOR('',#1417,10.);
#384=VECTOR('',#1420,10.);
#385=VECTOR('',#1421,10.);
#386=VECTOR('',#1424,10.);
#387=VECTOR('',#1431,10.);
#388=VECTOR('',#1434,10.);
#389=VECTOR('',#1437,10.);
#390=VECTOR('',#1438,10.);
#391=VECTOR('',#1445,10.);
#392=VECTOR('',#1448,10.);
#393=VECTOR('',#1463,10.);
#394=VECTOR('',#1466,10.);
#395=VECTOR('',#1469,10.);
#396=VECTOR('',#1474,10.);
#397=VECTOR('',#1477,10.);
#398=VECTOR('',#1480,10.);
#399=VECTOR('',#1481,10.);
#400=VECTOR('',#1486,10.);
#401=VECTOR('',#1489,10.);
#402=VECTOR('',#1492,10.);
#403=VECTOR('',#1495,10.);
#404=VECTOR('',#1498,10.);
#405=CIRCLE('',#1108,1.);
#406=CIRCLE('',#1109,7.112);
#407=CIRCLE('',#1111,1.35);
#408=CIRCLE('',#1113,7.112);
#409=CIRCLE('',#1115,1.);
#410=CIRCLE('',#1117,1.35);
#411=CIRCLE('',#1119,1.);
#412=CIRCLE('',#1120,1.);
#413=CIRCLE('',#1122,1.);
#414=CIRCLE('',#1123,2.);
#415=CIRCLE('',#1125,6.112);
#416=CIRCLE('',#1127,7.112);
#417=CIRCLE('',#1131,4.25);
#418=CIRCLE('',#1132,3.);
#419=CIRCLE('',#1133,3.);
#420=CIRCLE('',#1134,8.);
#421=CIRCLE('',#1137,7.112);
#422=CIRCLE('',#1139,3.);
#423=CIRCLE('',#1140,3.);
#424=CIRCLE('',#1142,8.);
#425=CIRCLE('',#1143,8.);
#426=CIRCLE('',#1146,4.25);
#427=CIRCLE('',#1147,4.25);
#428=CIRCLE('',#1153,2.1);
#429=CIRCLE('',#1157,2.1);
#430=CIRCLE('',#1181,8.);
#431=CIRCLE('',#1186,8.);
#432=CIRCLE('',#1187,8.);
#433=CIRCLE('',#1188,7.112);
#434=CIRCLE('',#1190,8.);
#435=CIRCLE('',#1193,7.112);
#436=CIRCLE('',#1194,8.);
#437=VERTEX_POINT('',#1503);
#438=VERTEX_POINT('',#1504);
#439=VERTEX_POINT('',#1506);
#440=VERTEX_POINT('',#1508);
#441=VERTEX_POINT('',#1510);
#442=VERTEX_POINT('',#1514);
#443=VERTEX_POINT('',#1516);
#444=VERTEX_POINT('',#1527);
#445=VERTEX_POINT('',#1529);
#446=VERTEX_POINT('',#1531);
#447=VERTEX_POINT('',#1533);
#448=VERTEX_POINT('',#1535);
#449=VERTEX_POINT('',#1552);
#450=VERTEX_POINT('',#1555);
#451=VERTEX_POINT('',#1558);
#452=VERTEX_POINT('',#1562);
#453=VERTEX_POINT('',#1566);
#454=VERTEX_POINT('',#1569);
#455=VERTEX_POINT('',#1570);
#456=VERTEX_POINT('',#1572);
#457=VERTEX_POINT('',#1577);
#458=VERTEX_POINT('',#1583);
#459=VERTEX_POINT('',#1585);
#460=VERTEX_POINT('',#1587);
#461=VERTEX_POINT('',#1589);
#462=VERTEX_POINT('',#1593);
#463=VERTEX_POINT('',#1595);
#464=VERTEX_POINT('',#1601);
#465=VERTEX_POINT('',#1603);
#466=VERTEX_POINT('',#1605);
#467=VERTEX_POINT('',#1607);
#468=VERTEX_POINT('',#1609);
#469=VERTEX_POINT('',#1611);
#470=VERTEX_POINT('',#1613);
#471=VERTEX_POINT('',#1615);
#472=VERTEX_POINT('',#1617);
#473=VERTEX_POINT('',#1619);
#474=VERTEX_POINT('',#1621);
#475=VERTEX_POINT('',#1623);
#476=VERTEX_POINT('',#1625);
#477=VERTEX_POINT('',#1627);
#478=VERTEX_POINT('',#1629);
#479=VERTEX_POINT('',#1656);
#480=VERTEX_POINT('',#1657);
#481=VERTEX_POINT('',#1711);
#482=VERTEX_POINT('',#1717);
#483=VERTEX_POINT('',#1718);
#484=VERTEX_POINT('',#1720);
#485=VERTEX_POINT('',#1722);
#486=VERTEX_POINT('',#1724);
#487=VERTEX_POINT('',#1726);
#488=VERTEX_POINT('',#1730);
#489=VERTEX_POINT('',#1731);
#490=VERTEX_POINT('',#1733);
#491=VERTEX_POINT('',#1737);
#492=VERTEX_POINT('',#1739);
#493=VERTEX_POINT('',#1741);
#494=VERTEX_POINT('',#1743);
#495=VERTEX_POINT('',#1745);
#496=VERTEX_POINT('',#1749);
#497=VERTEX_POINT('',#1754);
#498=VERTEX_POINT('',#1756);
#499=VERTEX_POINT('',#1758);
#500=VERTEX_POINT('',#1762);
#501=VERTEX_POINT('',#1763);
#502=VERTEX_POINT('',#1765);
#503=VERTEX_POINT('',#1768);
#504=VERTEX_POINT('',#1770);
#505=VERTEX_POINT('',#1773);
#506=VERTEX_POINT('',#1775);
#507=VERTEX_POINT('',#1783);
#508=VERTEX_POINT('',#1785);
#509=VERTEX_POINT('',#1789);
#510=VERTEX_POINT('',#1791);
#511=VERTEX_POINT('',#1793);
#512=VERTEX_POINT('',#1795);
#513=VERTEX_POINT('',#1813);
#514=VERTEX_POINT('',#1816);
#515=VERTEX_POINT('',#1820);
#516=VERTEX_POINT('',#1824);
#517=VERTEX_POINT('',#1827);
#518=VERTEX_POINT('',#1829);
#519=VERTEX_POINT('',#1839);
#520=VERTEX_POINT('',#1841);
#521=VERTEX_POINT('',#1845);
#522=VERTEX_POINT('',#1849);
#523=VERTEX_POINT('',#1884);
#524=VERTEX_POINT('',#1964);
#525=VERTEX_POINT('',#1965);
#526=VERTEX_POINT('',#1967);
#527=VERTEX_POINT('',#1969);
#528=VERTEX_POINT('',#1971);
#529=VERTEX_POINT('',#1973);
#530=VERTEX_POINT('',#1977);
#531=VERTEX_POINT('',#1979);
#532=VERTEX_POINT('',#1983);
#533=VERTEX_POINT('',#1987);
#534=VERTEX_POINT('',#1989);
#535=VERTEX_POINT('',#1991);
#536=EDGE_CURVE('',#437,#438,#405,.T.);
#537=EDGE_CURVE('',#439,#437,#406,.T.);
#538=EDGE_CURVE('',#440,#439,#173,.T.);
#539=EDGE_CURVE('',#441,#440,#174,.T.);
#540=EDGE_CURVE('',#438,#441,#175,.T.);
#541=EDGE_CURVE('',#439,#442,#176,.T.);
#542=EDGE_CURVE('',#443,#442,#42,.T.);
#543=EDGE_CURVE('',#443,#444,#177,.T.);
#544=EDGE_CURVE('',#444,#445,#178,.T.);
#545=EDGE_CURVE('',#445,#446,#179,.T.);
#546=EDGE_CURVE('',#446,#447,#180,.T.);
#547=EDGE_CURVE('',#447,#448,#43,.T.);
#548=EDGE_CURVE('',#448,#449,#181,.T.);
#549=EDGE_CURVE('',#449,#440,#182,.T.);
#550=EDGE_CURVE('',#450,#450,#407,.F.);
#551=EDGE_CURVE('',#451,#437,#183,.T.);
#552=EDGE_CURVE('',#442,#451,#408,.T.);
#553=EDGE_CURVE('',#438,#452,#184,.T.);
#554=EDGE_CURVE('',#451,#452,#409,.T.);
#555=EDGE_CURVE('',#453,#450,#410,.T.);
#556=EDGE_CURVE('',#454,#455,#411,.F.);
#557=EDGE_CURVE('',#454,#456,#185,.T.);
#558=EDGE_CURVE('',#456,#452,#412,.T.);
#559=EDGE_CURVE('',#452,#455,#186,.T.);
#560=EDGE_CURVE('',#457,#451,#413,.T.);
#561=EDGE_CURVE('',#456,#457,#414,.T.);
#562=EDGE_CURVE('',#457,#443,#415,.T.);
#563=EDGE_CURVE('',#454,#458,#187,.T.);
#564=EDGE_CURVE('',#458,#459,#188,.T.);
#565=EDGE_CURVE('',#460,#459,#189,.T.);
#566=EDGE_CURVE('',#461,#460,#190,.T.);
#567=EDGE_CURVE('',#444,#461,#416,.T.);
#568=EDGE_CURVE('',#459,#462,#191,.T.);
#569=EDGE_CURVE('',#463,#462,#192,.T.);
#570=EDGE_CURVE('',#460,#463,#193,.T.);
#571=EDGE_CURVE('',#441,#455,#194,.T.);
#572=EDGE_CURVE('',#464,#463,#195,.T.);
#573=EDGE_CURVE('',#465,#464,#196,.T.);
#574=EDGE_CURVE('',#466,#465,#197,.T.);
#575=EDGE_CURVE('',#467,#466,#198,.T.);
#576=EDGE_CURVE('',#468,#467,#199,.T.);
#577=EDGE_CURVE('',#468,#469,#200,.T.);
#578=EDGE_CURVE('',#470,#469,#417,.F.);
#579=EDGE_CURVE('',#470,#471,#201,.T.);
#580=EDGE_CURVE('',#471,#472,#202,.T.);
#581=EDGE_CURVE('',#473,#472,#203,.F.);
#582=EDGE_CURVE('',#474,#473,#418,.F.);
#583=EDGE_CURVE('',#475,#474,#204,.T.);
#584=EDGE_CURVE('',#476,#475,#419,.F.);
#585=EDGE_CURVE('',#476,#477,#205,.T.);
#586=EDGE_CURVE('',#477,#478,#206,.T.);
#587=EDGE_CURVE('',#461,#478,#207,.T.);
#588=EDGE_CURVE('',#479,#480,#44,.T.);
#589=EDGE_CURVE('',#480,#448,#208,.T.);
#590=EDGE_CURVE('',#479,#447,#209,.T.);
#591=EDGE_CURVE('',#479,#481,#420,.T.);
#592=EDGE_CURVE('',#481,#480,#17,.T.);
#593=EDGE_CURVE('',#478,#445,#421,.T.);
#594=EDGE_CURVE('',#482,#483,#210,.T.);
#595=EDGE_CURVE('',#484,#483,#422,.T.);
#596=EDGE_CURVE('',#484,#485,#211,.T.);
#597=EDGE_CURVE('',#486,#485,#423,.T.);
#598=EDGE_CURVE('',#486,#487,#212,.F.);
#599=EDGE_CURVE('',#487,#482,#213,.T.);
#600=EDGE_CURVE('',#488,#489,#214,.T.);
#601=EDGE_CURVE('',#490,#488,#424,.T.);
#602=EDGE_CURVE('',#446,#490,#215,.T.);
#603=EDGE_CURVE('',#477,#472,#216,.T.);
#604=EDGE_CURVE('',#471,#491,#217,.T.);
#605=EDGE_CURVE('',#491,#492,#218,.T.);
#606=EDGE_CURVE('',#493,#492,#219,.T.);
#607=EDGE_CURVE('',#494,#493,#220,.T.);
#608=EDGE_CURVE('',#495,#494,#221,.T.);
#609=EDGE_CURVE('',#489,#495,#425,.T.);
#610=EDGE_CURVE('',#481,#496,#222,.T.);
#611=EDGE_CURVE('',#488,#481,#223,.T.);
#612=EDGE_CURVE('',#489,#496,#224,.T.);
#613=EDGE_CURVE('',#469,#497,#225,.T.);
#614=EDGE_CURVE('',#497,#498,#426,.T.);
#615=EDGE_CURVE('',#499,#498,#427,.T.);
#616=EDGE_CURVE('',#470,#499,#226,.T.);
#617=EDGE_CURVE('',#500,#501,#227,.T.);
#618=EDGE_CURVE('',#501,#502,#228,.T.);
#619=EDGE_CURVE('',#502,#462,#229,.T.);
#620=EDGE_CURVE('',#458,#503,#230,.T.);
#621=EDGE_CURVE('',#504,#503,#231,.T.);
#622=EDGE_CURVE('',#504,#498,#232,.T.);
#623=EDGE_CURVE('',#505,#497,#233,.T.);
#624=EDGE_CURVE('',#505,#506,#234,.T.);
#625=EDGE_CURVE('',#506,#500,#235,.T.);
#626=EDGE_CURVE('',#491,#499,#236,.T.);
#627=EDGE_CURVE('',#505,#468,#237,.T.);
#628=EDGE_CURVE('',#507,#494,#238,.T.);
#629=EDGE_CURVE('',#508,#507,#239,.T.);
#630=EDGE_CURVE('',#495,#508,#240,.T.);
#631=EDGE_CURVE('',#493,#509,#241,.T.);
#632=EDGE_CURVE('',#509,#510,#242,.T.);
#633=EDGE_CURVE('',#510,#511,#243,.T.);
#634=EDGE_CURVE('',#511,#512,#244,.T.);
#635=EDGE_CURVE('',#512,#507,#45,.T.);
#636=EDGE_CURVE('',#513,#513,#428,.F.);
#637=EDGE_CURVE('',#514,#492,#245,.T.);
#638=EDGE_CURVE('',#509,#514,#246,.T.);
#639=EDGE_CURVE('',#498,#515,#247,.T.);
#640=EDGE_CURVE('',#515,#514,#248,.T.);
#641=EDGE_CURVE('',#516,#513,#429,.T.);
#642=EDGE_CURVE('',#517,#477,#249,.T.);
#643=EDGE_CURVE('',#517,#518,#250,.T.);
#644=EDGE_CURVE('',#472,#518,#251,.T.);
#645=EDGE_CURVE('',#487,#518,#252,.T.);
#646=EDGE_CURVE('',#473,#486,#253,.T.);
#647=EDGE_CURVE('',#483,#476,#254,.T.);
#648=EDGE_CURVE('',#517,#482,#255,.T.);
#649=EDGE_CURVE('',#519,#517,#256,.T.);
#650=EDGE_CURVE('',#520,#519,#257,.T.);
#651=EDGE_CURVE('',#518,#520,#258,.T.);
#652=EDGE_CURVE('',#521,#520,#259,.T.);
#653=EDGE_CURVE('',#487,#521,#260,.T.);
#654=EDGE_CURVE('',#522,#519,#261,.T.);
#655=EDGE_CURVE('',#522,#521,#262,.T.);
#656=EDGE_CURVE('',#482,#522,#263,.T.);
#657=EDGE_CURVE('',#503,#449,#264,.T.);
#658=EDGE_CURVE('',#475,#484,#265,.T.);
#659=EDGE_CURVE('',#485,#474,#266,.T.);
#660=EDGE_CURVE('',#508,#523,#46,.T.);
#661=EDGE_CURVE('',#523,#512,#267,.T.);
#662=EDGE_CURVE('',#511,#504,#268,.T.);
#663=EDGE_CURVE('',#523,#504,#269,.T.);
#664=EDGE_CURVE('',#515,#510,#270,.T.);
#665=EDGE_CURVE('',#503,#480,#271,.T.);
#666=EDGE_CURVE('',#479,#490,#272,.T.);
#667=EDGE_CURVE('',#501,#465,#273,.T.);
#668=EDGE_CURVE('',#502,#464,#274,.T.);
#669=EDGE_CURVE('',#500,#466,#275,.T.);
#670=EDGE_CURVE('',#506,#467,#276,.T.);
#671=EDGE_CURVE('',#496,#508,#430,.T.);
#672=EDGE_CURVE('',#523,#496,#18,.T.);
#673=EDGE_CURVE('',#524,#525,#277,.T.);
#674=EDGE_CURVE('',#526,#524,#431,.T.);
#675=EDGE_CURVE('',#527,#526,#278,.T.);
#676=EDGE_CURVE('',#528,#527,#432,.T.);
#677=EDGE_CURVE('',#529,#528,#279,.T.);
#678=EDGE_CURVE('',#525,#529,#433,.T.);
#679=EDGE_CURVE('',#524,#530,#280,.T.);
#680=EDGE_CURVE('',#531,#530,#434,.T.);
#681=EDGE_CURVE('',#531,#526,#281,.T.);
#682=EDGE_CURVE('',#525,#532,#282,.T.);
#683=EDGE_CURVE('',#530,#532,#283,.T.);
#684=EDGE_CURVE('',#532,#533,#435,.T.);
#685=EDGE_CURVE('',#533,#534,#284,.T.);
#686=EDGE_CURVE('',#534,#535,#436,.T.);
#687=EDGE_CURVE('',#535,#531,#285,.T.);
#688=EDGE_CURVE('',#533,#529,#286,.T.);
#689=EDGE_CURVE('',#534,#528,#287,.T.);
#690=EDGE_CURVE('',#535,#527,#288,.T.);
#691=ORIENTED_EDGE('',*,*,#536,.F.);
#692=ORIENTED_EDGE('',*,*,#537,.F.);
#693=ORIENTED_EDGE('',*,*,#538,.F.);
#694=ORIENTED_EDGE('',*,*,#539,.F.);
#695=ORIENTED_EDGE('',*,*,#540,.F.);
#696=ORIENTED_EDGE('',*,*,#538,.T.);
#697=ORIENTED_EDGE('',*,*,#541,.T.);
#698=ORIENTED_EDGE('',*,*,#542,.F.);
#699=ORIENTED_EDGE('',*,*,#543,.T.);
#700=ORIENTED_EDGE('',*,*,#544,.T.);
#701=ORIENTED_EDGE('',*,*,#545,.T.);
#702=ORIENTED_EDGE('',*,*,#546,.T.);
#703=ORIENTED_EDGE('',*,*,#547,.T.);
#704=ORIENTED_EDGE('',*,*,#548,.T.);
#705=ORIENTED_EDGE('',*,*,#549,.T.);
#706=ORIENTED_EDGE('',*,*,#550,.T.);
#707=ORIENTED_EDGE('',*,*,#537,.T.);
#708=ORIENTED_EDGE('',*,*,#551,.F.);
#709=ORIENTED_EDGE('',*,*,#552,.F.);
#710=ORIENTED_EDGE('',*,*,#541,.F.);
#711=ORIENTED_EDGE('',*,*,#536,.T.);
#712=ORIENTED_EDGE('',*,*,#553,.T.);
#713=ORIENTED_EDGE('',*,*,#554,.F.);
#714=ORIENTED_EDGE('',*,*,#551,.T.);
#715=ORIENTED_EDGE('',*,*,#550,.F.);
#716=ORIENTED_EDGE('',*,*,#555,.F.);
#717=ORIENTED_EDGE('',*,*,#555,.T.);
#718=ORIENTED_EDGE('',*,*,#556,.F.);
#719=ORIENTED_EDGE('',*,*,#557,.T.);
#720=ORIENTED_EDGE('',*,*,#558,.T.);
#721=ORIENTED_EDGE('',*,*,#559,.T.);
#722=ORIENTED_EDGE('',*,*,#560,.T.);
#723=ORIENTED_EDGE('',*,*,#554,.T.);
#724=ORIENTED_EDGE('',*,*,#558,.F.);
#725=ORIENTED_EDGE('',*,*,#561,.T.);
#726=ORIENTED_EDGE('',*,*,#542,.T.);
#727=ORIENTED_EDGE('',*,*,#552,.T.);
#728=ORIENTED_EDGE('',*,*,#560,.F.);
#729=ORIENTED_EDGE('',*,*,#562,.T.);
#730=ORIENTED_EDGE('',*,*,#562,.F.);
#731=ORIENTED_EDGE('',*,*,#561,.F.);
#732=ORIENTED_EDGE('',*,*,#557,.F.);
#733=ORIENTED_EDGE('',*,*,#563,.T.);
#734=ORIENTED_EDGE('',*,*,#564,.T.);
#735=ORIENTED_EDGE('',*,*,#565,.F.);
#736=ORIENTED_EDGE('',*,*,#566,.F.);
#737=ORIENTED_EDGE('',*,*,#567,.F.);
#738=ORIENTED_EDGE('',*,*,#543,.F.);
#739=ORIENTED_EDGE('',*,*,#565,.T.);
#740=ORIENTED_EDGE('',*,*,#568,.T.);
#741=ORIENTED_EDGE('',*,*,#569,.F.);
#742=ORIENTED_EDGE('',*,*,#570,.F.);
#743=ORIENTED_EDGE('',*,*,#540,.T.);
#744=ORIENTED_EDGE('',*,*,#571,.T.);
#745=ORIENTED_EDGE('',*,*,#559,.F.);
#746=ORIENTED_EDGE('',*,*,#553,.F.);
#747=ORIENTED_EDGE('',*,*,#570,.T.);
#748=ORIENTED_EDGE('',*,*,#572,.F.);
#749=ORIENTED_EDGE('',*,*,#573,.F.);
#750=ORIENTED_EDGE('',*,*,#574,.F.);
#751=ORIENTED_EDGE('',*,*,#575,.F.);
#752=ORIENTED_EDGE('',*,*,#576,.F.);
#753=ORIENTED_EDGE('',*,*,#577,.T.);
#754=ORIENTED_EDGE('',*,*,#578,.F.);
#755=ORIENTED_EDGE('',*,*,#579,.T.);
#756=ORIENTED_EDGE('',*,*,#580,.T.);
#757=ORIENTED_EDGE('',*,*,#581,.F.);
#758=ORIENTED_EDGE('',*,*,#582,.F.);
#759=ORIENTED_EDGE('',*,*,#583,.F.);
#760=ORIENTED_EDGE('',*,*,#584,.F.);
#761=ORIENTED_EDGE('',*,*,#585,.T.);
#762=ORIENTED_EDGE('',*,*,#586,.T.);
#763=ORIENTED_EDGE('',*,*,#587,.F.);
#764=ORIENTED_EDGE('',*,*,#566,.T.);
#765=ORIENTED_EDGE('',*,*,#588,.T.);
#766=ORIENTED_EDGE('',*,*,#589,.T.);
#767=ORIENTED_EDGE('',*,*,#547,.F.);
#768=ORIENTED_EDGE('',*,*,#590,.F.);
#769=ORIENTED_EDGE('',*,*,#591,.T.);
#770=ORIENTED_EDGE('',*,*,#592,.T.);
#771=ORIENTED_EDGE('',*,*,#588,.F.);
#772=ORIENTED_EDGE('',*,*,#567,.T.);
#773=ORIENTED_EDGE('',*,*,#587,.T.);
#774=ORIENTED_EDGE('',*,*,#593,.T.);
#775=ORIENTED_EDGE('',*,*,#544,.F.);
#776=ORIENTED_EDGE('',*,*,#594,.T.);
#777=ORIENTED_EDGE('',*,*,#595,.F.);
#778=ORIENTED_EDGE('',*,*,#596,.T.);
#779=ORIENTED_EDGE('',*,*,#597,.F.);
#780=ORIENTED_EDGE('',*,*,#598,.T.);
#781=ORIENTED_EDGE('',*,*,#599,.T.);
#782=ORIENTED_EDGE('',*,*,#600,.F.);
#783=ORIENTED_EDGE('',*,*,#601,.F.);
#784=ORIENTED_EDGE('',*,*,#602,.F.);
#785=ORIENTED_EDGE('',*,*,#545,.F.);
#786=ORIENTED_EDGE('',*,*,#593,.F.);
#787=ORIENTED_EDGE('',*,*,#586,.F.);
#788=ORIENTED_EDGE('',*,*,#603,.T.);
#789=ORIENTED_EDGE('',*,*,#580,.F.);
#790=ORIENTED_EDGE('',*,*,#604,.T.);
#791=ORIENTED_EDGE('',*,*,#605,.T.);
#792=ORIENTED_EDGE('',*,*,#606,.F.);
#793=ORIENTED_EDGE('',*,*,#607,.F.);
#794=ORIENTED_EDGE('',*,*,#608,.F.);
#795=ORIENTED_EDGE('',*,*,#609,.F.);
#796=ORIENTED_EDGE('',*,*,#610,.F.);
#797=ORIENTED_EDGE('',*,*,#611,.F.);
#798=ORIENTED_EDGE('',*,*,#600,.T.);
#799=ORIENTED_EDGE('',*,*,#612,.T.);
#800=ORIENTED_EDGE('',*,*,#578,.T.);
#801=ORIENTED_EDGE('',*,*,#613,.T.);
#802=ORIENTED_EDGE('',*,*,#614,.T.);
#803=ORIENTED_EDGE('',*,*,#615,.F.);
#804=ORIENTED_EDGE('',*,*,#616,.F.);
#805=ORIENTED_EDGE('',*,*,#617,.T.);
#806=ORIENTED_EDGE('',*,*,#618,.T.);
#807=ORIENTED_EDGE('',*,*,#619,.T.);
#808=ORIENTED_EDGE('',*,*,#568,.F.);
#809=ORIENTED_EDGE('',*,*,#564,.F.);
#810=ORIENTED_EDGE('',*,*,#620,.T.);
#811=ORIENTED_EDGE('',*,*,#621,.F.);
#812=ORIENTED_EDGE('',*,*,#622,.T.);
#813=ORIENTED_EDGE('',*,*,#614,.F.);
#814=ORIENTED_EDGE('',*,*,#623,.F.);
#815=ORIENTED_EDGE('',*,*,#624,.T.);
#816=ORIENTED_EDGE('',*,*,#625,.T.);
#817=ORIENTED_EDGE('',*,*,#626,.F.);
#818=ORIENTED_EDGE('',*,*,#604,.F.);
#819=ORIENTED_EDGE('',*,*,#579,.F.);
#820=ORIENTED_EDGE('',*,*,#616,.T.);
#821=ORIENTED_EDGE('',*,*,#613,.F.);
#822=ORIENTED_EDGE('',*,*,#577,.F.);
#823=ORIENTED_EDGE('',*,*,#627,.F.);
#824=ORIENTED_EDGE('',*,*,#623,.T.);
#825=ORIENTED_EDGE('',*,*,#608,.T.);
#826=ORIENTED_EDGE('',*,*,#628,.F.);
#827=ORIENTED_EDGE('',*,*,#629,.F.);
#828=ORIENTED_EDGE('',*,*,#630,.F.);
#829=ORIENTED_EDGE('',*,*,#607,.T.);
#830=ORIENTED_EDGE('',*,*,#631,.T.);
#831=ORIENTED_EDGE('',*,*,#632,.T.);
#832=ORIENTED_EDGE('',*,*,#633,.T.);
#833=ORIENTED_EDGE('',*,*,#634,.T.);
#834=ORIENTED_EDGE('',*,*,#635,.T.);
#835=ORIENTED_EDGE('',*,*,#628,.T.);
#836=ORIENTED_EDGE('',*,*,#636,.T.);
#837=ORIENTED_EDGE('',*,*,#606,.T.);
#838=ORIENTED_EDGE('',*,*,#637,.F.);
#839=ORIENTED_EDGE('',*,*,#638,.F.);
#840=ORIENTED_EDGE('',*,*,#631,.F.);
#841=ORIENTED_EDGE('',*,*,#605,.F.);
#842=ORIENTED_EDGE('',*,*,#626,.T.);
#843=ORIENTED_EDGE('',*,*,#615,.T.);
#844=ORIENTED_EDGE('',*,*,#639,.T.);
#845=ORIENTED_EDGE('',*,*,#640,.T.);
#846=ORIENTED_EDGE('',*,*,#637,.T.);
#847=ORIENTED_EDGE('',*,*,#636,.F.);
#848=ORIENTED_EDGE('',*,*,#641,.F.);
#849=ORIENTED_EDGE('',*,*,#641,.T.);
#850=ORIENTED_EDGE('',*,*,#642,.F.);
#851=ORIENTED_EDGE('',*,*,#643,.T.);
#852=ORIENTED_EDGE('',*,*,#644,.F.);
#853=ORIENTED_EDGE('',*,*,#603,.F.);
#854=ORIENTED_EDGE('',*,*,#644,.T.);
#855=ORIENTED_EDGE('',*,*,#645,.F.);
#856=ORIENTED_EDGE('',*,*,#598,.F.);
#857=ORIENTED_EDGE('',*,*,#646,.F.);
#858=ORIENTED_EDGE('',*,*,#581,.T.);
#859=ORIENTED_EDGE('',*,*,#585,.F.);
#860=ORIENTED_EDGE('',*,*,#647,.F.);
#861=ORIENTED_EDGE('',*,*,#594,.F.);
#862=ORIENTED_EDGE('',*,*,#648,.F.);
#863=ORIENTED_EDGE('',*,*,#642,.T.);
#864=ORIENTED_EDGE('',*,*,#643,.F.);
#865=ORIENTED_EDGE('',*,*,#649,.F.);
#866=ORIENTED_EDGE('',*,*,#650,.F.);
#867=ORIENTED_EDGE('',*,*,#651,.F.);
#868=ORIENTED_EDGE('',*,*,#651,.T.);
#869=ORIENTED_EDGE('',*,*,#652,.F.);
#870=ORIENTED_EDGE('',*,*,#653,.F.);
#871=ORIENTED_EDGE('',*,*,#645,.T.);
#872=ORIENTED_EDGE('',*,*,#650,.T.);
#873=ORIENTED_EDGE('',*,*,#654,.F.);
#874=ORIENTED_EDGE('',*,*,#655,.T.);
#875=ORIENTED_EDGE('',*,*,#652,.T.);
#876=ORIENTED_EDGE('',*,*,#649,.T.);
#877=ORIENTED_EDGE('',*,*,#648,.T.);
#878=ORIENTED_EDGE('',*,*,#656,.T.);
#879=ORIENTED_EDGE('',*,*,#654,.T.);
#880=ORIENTED_EDGE('',*,*,#539,.T.);
#881=ORIENTED_EDGE('',*,*,#549,.F.);
#882=ORIENTED_EDGE('',*,*,#657,.F.);
#883=ORIENTED_EDGE('',*,*,#620,.F.);
#884=ORIENTED_EDGE('',*,*,#563,.F.);
#885=ORIENTED_EDGE('',*,*,#556,.T.);
#886=ORIENTED_EDGE('',*,*,#571,.F.);
#887=ORIENTED_EDGE('',*,*,#595,.T.);
#888=ORIENTED_EDGE('',*,*,#647,.T.);
#889=ORIENTED_EDGE('',*,*,#584,.T.);
#890=ORIENTED_EDGE('',*,*,#658,.T.);
#891=ORIENTED_EDGE('',*,*,#597,.T.);
#892=ORIENTED_EDGE('',*,*,#659,.T.);
#893=ORIENTED_EDGE('',*,*,#582,.T.);
#894=ORIENTED_EDGE('',*,*,#646,.T.);
#895=ORIENTED_EDGE('',*,*,#660,.F.);
#896=ORIENTED_EDGE('',*,*,#629,.T.);
#897=ORIENTED_EDGE('',*,*,#635,.F.);
#898=ORIENTED_EDGE('',*,*,#661,.F.);
#899=ORIENTED_EDGE('',*,*,#662,.T.);
#900=ORIENTED_EDGE('',*,*,#663,.F.);
#901=ORIENTED_EDGE('',*,*,#661,.T.);
#902=ORIENTED_EDGE('',*,*,#634,.F.);
#903=ORIENTED_EDGE('',*,*,#622,.F.);
#904=ORIENTED_EDGE('',*,*,#662,.F.);
#905=ORIENTED_EDGE('',*,*,#633,.F.);
#906=ORIENTED_EDGE('',*,*,#664,.F.);
#907=ORIENTED_EDGE('',*,*,#639,.F.);
#908=ORIENTED_EDGE('',*,*,#638,.T.);
#909=ORIENTED_EDGE('',*,*,#640,.F.);
#910=ORIENTED_EDGE('',*,*,#664,.T.);
#911=ORIENTED_EDGE('',*,*,#632,.F.);
#912=ORIENTED_EDGE('',*,*,#653,.T.);
#913=ORIENTED_EDGE('',*,*,#655,.F.);
#914=ORIENTED_EDGE('',*,*,#656,.F.);
#915=ORIENTED_EDGE('',*,*,#599,.F.);
#916=ORIENTED_EDGE('',*,*,#657,.T.);
#917=ORIENTED_EDGE('',*,*,#548,.F.);
#918=ORIENTED_EDGE('',*,*,#589,.F.);
#919=ORIENTED_EDGE('',*,*,#665,.F.);
#920=ORIENTED_EDGE('',*,*,#602,.T.);
#921=ORIENTED_EDGE('',*,*,#666,.F.);
#922=ORIENTED_EDGE('',*,*,#590,.T.);
#923=ORIENTED_EDGE('',*,*,#546,.F.);
#924=ORIENTED_EDGE('',*,*,#667,.T.);
#925=ORIENTED_EDGE('',*,*,#573,.T.);
#926=ORIENTED_EDGE('',*,*,#668,.F.);
#927=ORIENTED_EDGE('',*,*,#618,.F.);
#928=ORIENTED_EDGE('',*,*,#569,.T.);
#929=ORIENTED_EDGE('',*,*,#619,.F.);
#930=ORIENTED_EDGE('',*,*,#668,.T.);
#931=ORIENTED_EDGE('',*,*,#572,.T.);
#932=ORIENTED_EDGE('',*,*,#658,.F.);
#933=ORIENTED_EDGE('',*,*,#583,.T.);
#934=ORIENTED_EDGE('',*,*,#659,.F.);
#935=ORIENTED_EDGE('',*,*,#596,.F.);
#936=ORIENTED_EDGE('',*,*,#617,.F.);
#937=ORIENTED_EDGE('',*,*,#669,.T.);
#938=ORIENTED_EDGE('',*,*,#574,.T.);
#939=ORIENTED_EDGE('',*,*,#667,.F.);
#940=ORIENTED_EDGE('',*,*,#625,.F.);
#941=ORIENTED_EDGE('',*,*,#670,.T.);
#942=ORIENTED_EDGE('',*,*,#575,.T.);
#943=ORIENTED_EDGE('',*,*,#669,.F.);
#944=ORIENTED_EDGE('',*,*,#627,.T.);
#945=ORIENTED_EDGE('',*,*,#576,.T.);
#946=ORIENTED_EDGE('',*,*,#670,.F.);
#947=ORIENTED_EDGE('',*,*,#624,.F.);
#948=ORIENTED_EDGE('',*,*,#609,.T.);
#949=ORIENTED_EDGE('',*,*,#630,.T.);
#950=ORIENTED_EDGE('',*,*,#671,.F.);
#951=ORIENTED_EDGE('',*,*,#612,.F.);
#952=ORIENTED_EDGE('',*,*,#660,.T.);
#953=ORIENTED_EDGE('',*,*,#672,.T.);
#954=ORIENTED_EDGE('',*,*,#671,.T.);
#955=ORIENTED_EDGE('',*,*,#663,.T.);
#956=ORIENTED_EDGE('',*,*,#621,.T.);
#957=ORIENTED_EDGE('',*,*,#665,.T.);
#958=ORIENTED_EDGE('',*,*,#592,.F.);
#959=ORIENTED_EDGE('',*,*,#610,.T.);
#960=ORIENTED_EDGE('',*,*,#672,.F.);
#961=ORIENTED_EDGE('',*,*,#601,.T.);
#962=ORIENTED_EDGE('',*,*,#611,.T.);
#963=ORIENTED_EDGE('',*,*,#591,.F.);
#964=ORIENTED_EDGE('',*,*,#666,.T.);
#965=ORIENTED_EDGE('',*,*,#673,.F.);
#966=ORIENTED_EDGE('',*,*,#674,.F.);
#967=ORIENTED_EDGE('',*,*,#675,.F.);
#968=ORIENTED_EDGE('',*,*,#676,.F.);
#969=ORIENTED_EDGE('',*,*,#677,.F.);
#970=ORIENTED_EDGE('',*,*,#678,.F.);
#971=ORIENTED_EDGE('',*,*,#679,.T.);
#972=ORIENTED_EDGE('',*,*,#680,.F.);
#973=ORIENTED_EDGE('',*,*,#681,.T.);
#974=ORIENTED_EDGE('',*,*,#674,.T.);
#975=ORIENTED_EDGE('',*,*,#673,.T.);
#976=ORIENTED_EDGE('',*,*,#682,.T.);
#977=ORIENTED_EDGE('',*,*,#683,.F.);
#978=ORIENTED_EDGE('',*,*,#679,.F.);
#979=ORIENTED_EDGE('',*,*,#683,.T.);
#980=ORIENTED_EDGE('',*,*,#684,.T.);
#981=ORIENTED_EDGE('',*,*,#685,.T.);
#982=ORIENTED_EDGE('',*,*,#686,.T.);
#983=ORIENTED_EDGE('',*,*,#687,.T.);
#984=ORIENTED_EDGE('',*,*,#680,.T.);
#985=ORIENTED_EDGE('',*,*,#678,.T.);
#986=ORIENTED_EDGE('',*,*,#688,.F.);
#987=ORIENTED_EDGE('',*,*,#684,.F.);
#988=ORIENTED_EDGE('',*,*,#682,.F.);
#989=ORIENTED_EDGE('',*,*,#677,.T.);
#990=ORIENTED_EDGE('',*,*,#689,.F.);
#991=ORIENTED_EDGE('',*,*,#685,.F.);
#992=ORIENTED_EDGE('',*,*,#688,.T.);
#993=ORIENTED_EDGE('',*,*,#676,.T.);
#994=ORIENTED_EDGE('',*,*,#690,.F.);
#995=ORIENTED_EDGE('',*,*,#686,.F.);
#996=ORIENTED_EDGE('',*,*,#689,.T.);
#997=ORIENTED_EDGE('',*,*,#675,.T.);
#998=ORIENTED_EDGE('',*,*,#681,.F.);
#999=ORIENTED_EDGE('',*,*,#687,.F.);
#1000=ORIENTED_EDGE('',*,*,#690,.T.);
#1001=PLANE('',#1107);
#1002=PLANE('',#1110);
#1003=PLANE('',#1126);
#1004=PLANE('',#1128);
#1005=PLANE('',#1129);
#1006=PLANE('',#1130);
#1007=PLANE('',#1138);
#1008=PLANE('',#1141);
#1009=PLANE('',#1144);
#1010=PLANE('',#1148);
#1011=PLANE('',#1149);
#1012=PLANE('',#1150);
#1013=PLANE('',#1151);
#1014=PLANE('',#1152);
#1015=PLANE('',#1154);
#1016=PLANE('',#1155);
#1017=PLANE('',#1158);
#1018=PLANE('',#1159);
#1019=PLANE('',#1160);
#1020=PLANE('',#1161);
#1021=PLANE('',#1162);
#1022=PLANE('',#1163);
#1023=PLANE('',#1164);
#1024=PLANE('',#1165);
#1025=PLANE('',#1168);
#1026=PLANE('',#1169);
#1027=PLANE('',#1170);
#1028=PLANE('',#1171);
#1029=PLANE('',#1172);
#1030=PLANE('',#1173);
#1031=PLANE('',#1174);
#1032=PLANE('',#1175);
#1033=PLANE('',#1176);
#1034=PLANE('',#1177);
#1035=PLANE('',#1178);
#1036=PLANE('',#1179);
#1037=PLANE('',#1185);
#1038=PLANE('',#1191);
#1039=PLANE('',#1192);
#1040=PLANE('',#1196);
#1041=PLANE('',#1198);
#1042=ADVANCED_FACE('',(#47),#1001,.T.);
#1043=ADVANCED_FACE('',(#48,#40),#1002,.F.);
#1044=ADVANCED_FACE('',(#49),#27,.F.);
#1045=ADVANCED_FACE('',(#50),#28,.T.);
#1046=ADVANCED_FACE('',(#51),#25,.F.);
#1047=ADVANCED_FACE('',(#52),#29,.F.);
#1048=ADVANCED_FACE('',(#53),#23,.F.);
#1049=ADVANCED_FACE('',(#54),#24,.F.);
#1050=ADVANCED_FACE('',(#55),#1003,.F.);
#1051=ADVANCED_FACE('',(#56),#1004,.T.);
#1052=ADVANCED_FACE('',(#57),#1005,.T.);
#1053=ADVANCED_FACE('',(#58),#1006,.F.);
#1054=ADVANCED_FACE('',(#59),#19,.T.);
#1055=ADVANCED_FACE('',(#60),#20,.F.);
#1056=ADVANCED_FACE('',(#61),#30,.F.);
#1057=ADVANCED_FACE('',(#62),#1007,.F.);
#1058=ADVANCED_FACE('',(#63),#1008,.F.);
#1059=ADVANCED_FACE('',(#64),#1009,.T.);
#1060=ADVANCED_FACE('',(#65),#31,.T.);
#1061=ADVANCED_FACE('',(#66),#1010,.F.);
#1062=ADVANCED_FACE('',(#67),#1011,.F.);
#1063=ADVANCED_FACE('',(#68),#1012,.T.);
#1064=ADVANCED_FACE('',(#69),#1013,.T.);
#1065=ADVANCED_FACE('',(#70,#41),#1014,.F.);
#1066=ADVANCED_FACE('',(#71),#1015,.F.);
#1067=ADVANCED_FACE('',(#72),#1016,.T.);
#1068=ADVANCED_FACE('',(#73),#26,.F.);
#1069=ADVANCED_FACE('',(#74),#1017,.F.);
#1070=ADVANCED_FACE('',(#75),#1018,.F.);
#1071=ADVANCED_FACE('',(#76),#1019,.F.);
#1072=ADVANCED_FACE('',(#77),#1020,.F.);
#1073=ADVANCED_FACE('',(#78),#1021,.F.);
#1074=ADVANCED_FACE('',(#79),#1022,.F.);
#1075=ADVANCED_FACE('',(#80),#1023,.T.);
#1076=ADVANCED_FACE('',(#81),#1024,.F.);
#1077=ADVANCED_FACE('',(#82),#32,.T.);
#1078=ADVANCED_FACE('',(#83),#33,.T.);
#1079=ADVANCED_FACE('',(#84),#21,.T.);
#1080=ADVANCED_FACE('',(#85),#1025,.T.);
#1081=ADVANCED_FACE('',(#86),#1026,.F.);
#1082=ADVANCED_FACE('',(#87),#1027,.F.);
#1083=ADVANCED_FACE('',(#88),#1028,.F.);
#1084=ADVANCED_FACE('',(#89),#1029,.T.);
#1085=ADVANCED_FACE('',(#90),#1030,.T.);
#1086=ADVANCED_FACE('',(#91),#1031,.F.);
#1087=ADVANCED_FACE('',(#92),#1032,.F.);
#1088=ADVANCED_FACE('',(#93),#1033,.F.);
#1089=ADVANCED_FACE('',(#94),#1034,.F.);
#1090=ADVANCED_FACE('',(#95),#1035,.F.);
#1091=ADVANCED_FACE('',(#96),#1036,.F.);
#1092=ADVANCED_FACE('',(#97),#34,.T.);
#1093=ADVANCED_FACE('',(#98),#22,.F.);
#1094=ADVANCED_FACE('',(#99),#35,.T.);
#1095=ADVANCED_FACE('',(#100),#36,.T.);
#1096=ADVANCED_FACE('',(#101),#1037,.F.);
#1097=ADVANCED_FACE('',(#102),#37,.T.);
#1098=ADVANCED_FACE('',(#103),#1038,.T.);
#1099=ADVANCED_FACE('',(#104),#1039,.T.);
#1100=ADVANCED_FACE('',(#105),#38,.F.);
#1101=ADVANCED_FACE('',(#106),#1040,.T.);
#1102=ADVANCED_FACE('',(#107),#39,.T.);
#1103=ADVANCED_FACE('',(#108),#1041,.T.);
#1104=CLOSED_SHELL('',(#1042,#1043,#1044,#1045,#1046,#1047,#1048,#1049,
#1050,#1051,#1052,#1053,#1054,#1055,#1056,#1057,#1058,#1059,#1060,#1061,
#1062,#1063,#1064,#1065,#1066,#1067,#1068,#1069,#1070,#1071,#1072,#1073,
#1074,#1075,#1076,#1077,#1078,#1079,#1080,#1081,#1082,#1083,#1084,#1085,
#1086,#1087,#1088,#1089,#1090,#1091,#1092,#1093,#1094,#1095));
#1105=CLOSED_SHELL('',(#1096,#1097,#1098,#1099,#1100,#1101,#1102,#1103));
#1106=AXIS2_PLACEMENT_3D('',#1501,#1199,#1200);
#1107=AXIS2_PLACEMENT_3D('',#1502,#1201,#1202);
#1108=AXIS2_PLACEMENT_3D('',#1505,#1203,#1204);
#1109=AXIS2_PLACEMENT_3D('',#1507,#1205,#1206);
#1110=AXIS2_PLACEMENT_3D('',#1513,#1210,#1211);
#1111=AXIS2_PLACEMENT_3D('',#1556,#1219,#1220);
#1112=AXIS2_PLACEMENT_3D('',#1557,#1221,#1222);
#1113=AXIS2_PLACEMENT_3D('',#1560,#1224,#1225);
#1114=AXIS2_PLACEMENT_3D('',#1561,#1226,#1227);
#1115=AXIS2_PLACEMENT_3D('',#1564,#1229,#1230);
#1116=AXIS2_PLACEMENT_3D('',#1565,#1231,#1232);
#1117=AXIS2_PLACEMENT_3D('',#1567,#1233,#1234);
#1118=AXIS2_PLACEMENT_3D('',#1568,#1235,#1236);
#1119=AXIS2_PLACEMENT_3D('',#1571,#1237,#1238);
#1120=AXIS2_PLACEMENT_3D('',#1574,#1240,#1241);
#1121=AXIS2_PLACEMENT_3D('',#1576,#1243,#1244);
#1122=AXIS2_PLACEMENT_3D('',#1578,#1245,#1246);
#1123=AXIS2_PLACEMENT_3D('',#1579,#1247,#1248);
#1124=AXIS2_PLACEMENT_3D('',#1580,#1249,#1250);
#1125=AXIS2_PLACEMENT_3D('',#1581,#1251,#1252);
#1126=AXIS2_PLACEMENT_3D('',#1582,#1253,#1254);
#1127=AXIS2_PLACEMENT_3D('',#1591,#1259,#1260);
#1128=AXIS2_PLACEMENT_3D('',#1592,#1261,#1262);
#1129=AXIS2_PLACEMENT_3D('',#1598,#1266,#1267);
#1130=AXIS2_PLACEMENT_3D('',#1600,#1269,#1270);
#1131=AXIS2_PLACEMENT_3D('',#1614,#1277,#1278);
#1132=AXIS2_PLACEMENT_3D('',#1622,#1282,#1283);
#1133=AXIS2_PLACEMENT_3D('',#1626,#1285,#1286);
#1134=AXIS2_PLACEMENT_3D('',#1712,#1292,#1293);
#1135=AXIS2_PLACEMENT_3D('',#1713,#1294,#1295);
#1136=AXIS2_PLACEMENT_3D('',#1714,#1296,#1297);
#1137=AXIS2_PLACEMENT_3D('',#1715,#1298,#1299);
#1138=AXIS2_PLACEMENT_3D('',#1716,#1300,#1301);
#1139=AXIS2_PLACEMENT_3D('',#1721,#1303,#1304);
#1140=AXIS2_PLACEMENT_3D('',#1725,#1306,#1307);
#1141=AXIS2_PLACEMENT_3D('',#1729,#1310,#1311);
#1142=AXIS2_PLACEMENT_3D('',#1734,#1313,#1314);
#1143=AXIS2_PLACEMENT_3D('',#1747,#1322,#1323);
#1144=AXIS2_PLACEMENT_3D('',#1748,#1324,#1325);
#1145=AXIS2_PLACEMENT_3D('',#1753,#1329,#1330);
#1146=AXIS2_PLACEMENT_3D('',#1757,#1332,#1333);
#1147=AXIS2_PLACEMENT_3D('',#1759,#1334,#1335);
#1148=AXIS2_PLACEMENT_3D('',#1761,#1337,#1338);
#1149=AXIS2_PLACEMENT_3D('',#1778,#1348,#1349);
#1150=AXIS2_PLACEMENT_3D('',#1780,#1351,#1352);
#1151=AXIS2_PLACEMENT_3D('',#1782,#1354,#1355);
#1152=AXIS2_PLACEMENT_3D('',#1788,#1359,#1360);
#1153=AXIS2_PLACEMENT_3D('',#1814,#1365,#1366);
#1154=AXIS2_PLACEMENT_3D('',#1815,#1367,#1368);
#1155=AXIS2_PLACEMENT_3D('',#1819,#1371,#1372);
#1156=AXIS2_PLACEMENT_3D('',#1823,#1375,#1376);
#1157=AXIS2_PLACEMENT_3D('',#1825,#1377,#1378);
#1158=AXIS2_PLACEMENT_3D('',#1826,#1379,#1380);
#1159=AXIS2_PLACEMENT_3D('',#1832,#1384,#1385);
#1160=AXIS2_PLACEMENT_3D('',#1835,#1388,#1389);
#1161=AXIS2_PLACEMENT_3D('',#1838,#1392,#1393);
#1162=AXIS2_PLACEMENT_3D('',#1844,#1397,#1398);
#1163=AXIS2_PLACEMENT_3D('',#1848,#1401,#1402);
#1164=AXIS2_PLACEMENT_3D('',#1852,#1405,#1406);
#1165=AXIS2_PLACEMENT_3D('',#1854,#1408,#1409);
#1166=AXIS2_PLACEMENT_3D('',#1856,#1411,#1412);
#1167=AXIS2_PLACEMENT_3D('',#1858,#1414,#1415);
#1168=AXIS2_PLACEMENT_3D('',#1902,#1418,#1419);
#1169=AXIS2_PLACEMENT_3D('',#1905,#1422,#1423);
#1170=AXIS2_PLACEMENT_3D('',#1907,#1425,#1426);
#1171=AXIS2_PLACEMENT_3D('',#1908,#1427,#1428);
#1172=AXIS2_PLACEMENT_3D('',#1909,#1429,#1430);
#1173=AXIS2_PLACEMENT_3D('',#1911,#1432,#1433);
#1174=AXIS2_PLACEMENT_3D('',#1913,#1435,#1436);
#1175=AXIS2_PLACEMENT_3D('',#1916,#1439,#1440);
#1176=AXIS2_PLACEMENT_3D('',#1917,#1441,#1442);
#1177=AXIS2_PLACEMENT_3D('',#1918,#1443,#1444);
#1178=AXIS2_PLACEMENT_3D('',#1920,#1446,#1447);
#1179=AXIS2_PLACEMENT_3D('',#1922,#1449,#1450);
#1180=AXIS2_PLACEMENT_3D('',#1923,#1451,#1452);
#1181=AXIS2_PLACEMENT_3D('',#1924,#1453,#1454);
#1182=AXIS2_PLACEMENT_3D('',#1960,#1455,#1456);
#1183=AXIS2_PLACEMENT_3D('',#1961,#1457,#1458);
#1184=AXIS2_PLACEMENT_3D('',#1962,#1459,#1460);
#1185=AXIS2_PLACEMENT_3D('',#1963,#1461,#1462);
#1186=AXIS2_PLACEMENT_3D('',#1968,#1464,#1465);
#1187=AXIS2_PLACEMENT_3D('',#1972,#1467,#1468);
#1188=AXIS2_PLACEMENT_3D('',#1975,#1470,#1471);
#1189=AXIS2_PLACEMENT_3D('',#1976,#1472,#1473);
#1190=AXIS2_PLACEMENT_3D('',#1980,#1475,#1476);
#1191=AXIS2_PLACEMENT_3D('',#1982,#1478,#1479);
#1192=AXIS2_PLACEMENT_3D('',#1986,#1482,#1483);
#1193=AXIS2_PLACEMENT_3D('',#1988,#1484,#1485);
#1194=AXIS2_PLACEMENT_3D('',#1992,#1487,#1488);
#1195=AXIS2_PLACEMENT_3D('',#1994,#1490,#1491);
#1196=AXIS2_PLACEMENT_3D('',#1996,#1493,#1494);
#1197=AXIS2_PLACEMENT_3D('',#1998,#1496,#1497);
#1198=AXIS2_PLACEMENT_3D('',#2000,#1499,#1500);
#1199=DIRECTION('axis',(0.,0.,1.));
#1200=DIRECTION('refdir',(1.,0.,0.));
#1201=DIRECTION('center_axis',(0.,0.,-1.));
#1202=DIRECTION('ref_axis',(-1.,9.01138988943489E-24,0.));
#1203=DIRECTION('center_axis',(0.,0.,1.));
#1204=DIRECTION('ref_axis',(-0.769785683024366,-0.638302437885608,0.));
#1205=DIRECTION('center_axis',(0.,0.,-1.));
#1206=DIRECTION('ref_axis',(1.,0.,0.));
#1207=DIRECTION('',(-1.,9.01138988943489E-24,0.));
#1208=DIRECTION('',(0.,1.,0.));
#1209=DIRECTION('',(1.,-9.01138988943489E-24,0.));
#1210=DIRECTION('center_axis',(-9.01138988943489E-24,-1.,-6.31088723951704E-30));
#1211=DIRECTION('ref_axis',(0.,6.31088723951704E-30,-1.));
#1212=DIRECTION('',(0.,0.,1.));
#1213=DIRECTION('',(-1.,9.01138988943489E-24,0.));
#1214=DIRECTION('',(0.,0.,-1.));
#1215=DIRECTION('',(-1.,9.01138988943489E-24,0.));
#1216=DIRECTION('',(0.,0.,1.));
#1217=DIRECTION('',(1.,0.,0.));
#1218=DIRECTION('',(2.52035320773767E-17,6.31088723928992E-30,-1.));
#1219=DIRECTION('center_axis',(9.01138988943489E-24,1.,6.31088723951704E-30));
#1220=DIRECTION('ref_axis',(0.,-6.31088723951704E-30,1.));
#1221=DIRECTION('center_axis',(0.,0.,1.));
#1222=DIRECTION('ref_axis',(1.,0.,0.));
#1223=DIRECTION('',(0.,0.,-1.));
#1224=DIRECTION('center_axis',(0.,0.,-1.));
#1225=DIRECTION('ref_axis',(0.999183532453577,-0.0404013424726475,0.));
#1226=DIRECTION('center_axis',(0.,0.,-1.));
#1227=DIRECTION('ref_axis',(-0.769785683024366,-0.638302437885608,0.));
#1228=DIRECTION('',(-5.68698654635476E-53,-6.31088723951704E-30,1.));
#1229=DIRECTION('center_axis',(0.,0.,1.));
#1230=DIRECTION('ref_axis',(-0.769785683024367,-0.638302437885607,0.));
#1231=DIRECTION('center_axis',(0.,1.,0.));
#1232=DIRECTION('ref_axis',(0.,0.,-1.));
#1233=DIRECTION('center_axis',(-1.,0.,0.));
#1234=DIRECTION('ref_axis',(0.,0.,1.));
#1235=DIRECTION('center_axis',(-1.,9.01138988943489E-24,0.));
#1236=DIRECTION('ref_axis',(0.,0.707106781186546,0.707106781186549));
#1237=DIRECTION('center_axis',(1.,0.,2.52035320773767E-17));
#1238=DIRECTION('ref_axis',(0.,0.707106781186546,0.707106781186549));
#1239=DIRECTION('',(-1.,9.01138988943489E-24,0.));
#1240=DIRECTION('center_axis',(-1.,0.,0.));
#1241=DIRECTION('ref_axis',(0.,0.,1.));
#1242=DIRECTION('',(1.,-9.01138988943489E-24,0.));
#1243=DIRECTION('center_axis',(0.,0.,-1.));
#1244=DIRECTION('ref_axis',(-1.,0.,0.));
#1245=DIRECTION('center_axis',(0.185139995578581,0.982712156247781,0.));
#1246=DIRECTION('ref_axis',(0.,0.,1.));
#1247=DIRECTION('center_axis',(0.,0.,-1.));
#1248=DIRECTION('ref_axis',(-0.769785683024367,-0.638302437885607,0.));
#1249=DIRECTION('center_axis',(0.,0.,1.));
#1250=DIRECTION('ref_axis',(1.,0.,0.));
#1251=DIRECTION('center_axis',(0.,0.,1.));
#1252=DIRECTION('ref_axis',(0.999183532453577,-0.0404013424726475,0.));
#1253=DIRECTION('center_axis',(0.,0.,1.));
#1254=DIRECTION('ref_axis',(1.,0.,0.));
#1255=DIRECTION('',(0.,1.,0.));
#1256=DIRECTION('',(1.,0.,0.));
#1257=DIRECTION('',(0.,1.,0.));
#1258=DIRECTION('',(1.,0.,0.));
#1259=DIRECTION('center_axis',(0.,0.,1.));
#1260=DIRECTION('ref_axis',(1.,0.,0.));
#1261=DIRECTION('center_axis',(1.,0.,0.));
#1262=DIRECTION('ref_axis',(0.,0.,-1.));
#1263=DIRECTION('',(-4.93038065763132E-32,-6.31088723951704E-30,1.));
#1264=DIRECTION('',(0.,1.,0.));
#1265=DIRECTION('',(0.,0.,1.));
#1266=DIRECTION('center_axis',(-9.01138988943489E-24,-1.,-6.31088723951704E-30));
#1267=DIRECTION('ref_axis',(0.,6.31088723951704E-30,-1.));
#1268=DIRECTION('',(-2.52035320773767E-17,-6.31088723928992E-30,1.));
#1269=DIRECTION('center_axis',(0.,-1.,0.));
#1270=DIRECTION('ref_axis',(0.,0.,-1.));
#1271=DIRECTION('',(-1.,-1.32680286575857E-44,-4.93038065763132E-32));
#1272=DIRECTION('',(-4.93038065763132E-32,0.,1.));
#1273=DIRECTION('',(-1.,0.,0.));
#1274=DIRECTION('',(4.93038065763132E-32,0.,-1.));
#1275=DIRECTION('',(-1.,0.,-4.93038065763132E-32));
#1276=DIRECTION('',(4.93038065763134E-32,0.,-1.));
#1277=DIRECTION('center_axis',(0.,-1.,0.));
#1278=DIRECTION('ref_axis',(-0.529411764705882,0.,-0.848365005991527));
#1279=DIRECTION('',(4.93038065763134E-32,6.31088723951704E-30,-1.));
#1280=DIRECTION('',(-1.,0.,0.));
#1281=DIRECTION('',(-4.93038065763132E-32,0.,1.));
#1282=DIRECTION('center_axis',(0.,-1.,0.));
#1283=DIRECTION('ref_axis',(0.707106781186547,0.,0.707106781186548));
#1284=DIRECTION('',(1.,0.,4.93038065763132E-32));
#1285=DIRECTION('center_axis',(0.,-1.,0.));
#1286=DIRECTION('ref_axis',(-0.707106781186547,0.,0.707106781186548));
#1287=DIRECTION('',(0.,0.,-1.));
#1288=DIRECTION('',(-1.,0.,0.));
#1289=DIRECTION('',(0.,0.,-1.));
#1290=DIRECTION('',(0.,1.,0.));
#1291=DIRECTION('',(0.,1.,0.));
#1292=DIRECTION('center_axis',(0.,0.,1.));
#1293=DIRECTION('ref_axis',(-1.,0.,0.));
#1294=DIRECTION('center_axis',(-0.998463978221769,0.0554047307868041,2.042519444119E-18));
#1295=DIRECTION('ref_axis',(-0.0554047307868041,-0.998463978221769,0.));
#1296=DIRECTION('center_axis',(0.,0.,1.));
#1297=DIRECTION('ref_axis',(-0.474985525092476,-0.879993608472598,0.));
#1298=DIRECTION('center_axis',(0.,0.,-1.));
#1299=DIRECTION('ref_axis',(1.,0.,0.));
#1300=DIRECTION('center_axis',(-9.01138988943489E-24,-1.,-6.31088723951704E-30));
#1301=DIRECTION('ref_axis',(0.,6.31088723951704E-30,-1.));
#1302=DIRECTION('',(-4.93038065763132E-32,-6.31088723951704E-30,1.));
#1303=DIRECTION('center_axis',(-9.01138988943489E-24,-1.,-6.31088723951704E-30));
#1304=DIRECTION('ref_axis',(-0.707106781186547,0.,0.707106781186548));
#1305=DIRECTION('',(1.,-9.01138988943489E-24,4.93038065763132E-32));
#1306=DIRECTION('center_axis',(-9.01138988943489E-24,-1.,-6.31088723951704E-30));
#1307=DIRECTION('ref_axis',(0.707106781186547,0.,0.707106781186548));
#1308=DIRECTION('',(-4.93038065763132E-32,-6.31088723951704E-30,1.));
#1309=DIRECTION('',(-1.,9.01138988943489E-24,0.));
#1310=DIRECTION('center_axis',(0.,0.,1.));
#1311=DIRECTION('ref_axis',(1.,0.,0.));
#1312=DIRECTION('',(1.,0.,0.));
#1313=DIRECTION('center_axis',(0.,0.,1.));
#1314=DIRECTION('ref_axis',(-1.,-1.12757025938492E-16,0.));
#1315=DIRECTION('',(0.,-1.,0.));
#1316=DIRECTION('',(1.,-3.71686181131396E-82,0.));
#1317=DIRECTION('',(0.,1.,0.));
#1318=DIRECTION('',(-1.,0.,0.));
#1319=DIRECTION('',(0.,-1.,0.));
#1320=DIRECTION('',(-1.,9.01138988943489E-24,0.));
#1321=DIRECTION('',(0.,1.,0.));
#1322=DIRECTION('center_axis',(0.,0.,1.));
#1323=DIRECTION('ref_axis',(0.,-1.,0.));
#1324=DIRECTION('center_axis',(0.,-1.,0.));
#1325=DIRECTION('ref_axis',(1.,0.,0.));
#1326=DIRECTION('',(1.,0.,0.));
#1327=DIRECTION('',(0.,0.,1.));
#1328=DIRECTION('',(0.,0.,1.));
#1329=DIRECTION('center_axis',(0.,1.,0.));
#1330=DIRECTION('ref_axis',(-0.529411764705882,0.,-0.848365005991527));
#1331=DIRECTION('',(0.,1.,0.));
#1332=DIRECTION('center_axis',(-9.01138988943489E-24,-1.,-6.31088723951704E-30));
#1333=DIRECTION('ref_axis',(-0.529411764705882,0.,-0.848365005991527));
#1334=DIRECTION('center_axis',(9.01138988943489E-24,1.,6.31088723951704E-30));
#1335=DIRECTION('ref_axis',(-0.529411764705882,0.,-0.848365005991527));
#1336=DIRECTION('',(0.,1.,0.));
#1337=DIRECTION('center_axis',(-9.01138988943489E-24,-1.,-6.31088723951704E-30));
#1338=DIRECTION('ref_axis',(0.,6.31088723951704E-30,-1.));
#1339=DIRECTION('',(-1.,9.01138988943489E-24,0.));
#1340=DIRECTION('',(-4.93038065763132E-32,-6.31088723951704E-30,1.));
#1341=DIRECTION('',(-1.,9.01138988943489E-24,-4.93038065763132E-32));
#1342=DIRECTION('',(-2.52035320773767E-17,-6.31088723928992E-30,1.));
#1343=DIRECTION('',(-1.,0.,0.));
#1344=DIRECTION('',(-9.72274738965752E-16,6.31088724827859E-30,-1.));
#1345=DIRECTION('',(4.93038065763135E-32,6.31088723951704E-30,-1.));
#1346=DIRECTION('',(-1.,9.01138988943489E-24,-4.93038065763132E-32));
#1347=DIRECTION('',(4.93038065763132E-32,6.31088723951704E-30,-1.));
#1348=DIRECTION('center_axis',(1.,0.,0.));
#1349=DIRECTION('ref_axis',(0.,0.,-1.));
#1350=DIRECTION('',(0.,0.,1.));
#1351=DIRECTION('center_axis',(-1.,0.,-4.93038065763134E-32));
#1352=DIRECTION('ref_axis',(-4.93038065763134E-32,0.,1.));
#1353=DIRECTION('',(0.,-1.,0.));
#1354=DIRECTION('center_axis',(1.,0.,0.));
#1355=DIRECTION('ref_axis',(0.,0.,-1.));
#1356=DIRECTION('',(0.,0.,-1.));
#1357=DIRECTION('',(0.,1.,0.));
#1358=DIRECTION('',(0.,0.,1.));
#1359=DIRECTION('center_axis',(-9.01138988943489E-24,-1.,-6.31088723951704E-30));
#1360=DIRECTION('ref_axis',(0.,6.31088723951704E-30,-1.));
#1361=DIRECTION('',(0.,-6.31088723951704E-30,1.));
#1362=DIRECTION('',(1.,-9.01138988943489E-24,-1.04971031249319E-15));
#1363=DIRECTION('',(9.72274738965752E-16,-6.31088724827859E-30,1.));
#1364=DIRECTION('',(1.,0.,0.));
#1365=DIRECTION('center_axis',(9.01138988943489E-24,1.,6.31088723951704E-30));
#1366=DIRECTION('ref_axis',(0.,-6.31088723951704E-30,1.));
#1367=DIRECTION('center_axis',(1.,0.,0.));
#1368=DIRECTION('ref_axis',(0.,-7.23929203686377E-45,1.));
#1369=DIRECTION('',(0.,6.31088723951704E-30,-1.));
#1370=DIRECTION('',(0.,-1.,0.));
#1371=DIRECTION('center_axis',(-9.01138988943489E-24,-1.,-6.31088723951704E-30));
#1372=DIRECTION('ref_axis',(0.,6.31088723951704E-30,-1.));
#1373=DIRECTION('',(-9.72274738965752E-16,6.31088724827859E-30,-1.));
#1374=DIRECTION('',(-1.,9.01138988943489E-24,1.04971031249319E-15));
#1375=DIRECTION('center_axis',(0.,1.,0.));
#1376=DIRECTION('ref_axis',(0.,0.,-1.));
#1377=DIRECTION('center_axis',(-1.,0.,0.));
#1378=DIRECTION('ref_axis',(0.,0.,1.));
#1379=DIRECTION('center_axis',(0.,0.,1.));
#1380=DIRECTION('ref_axis',(1.,0.,0.));
#1381=DIRECTION('',(0.,-1.,0.));
#1382=DIRECTION('',(1.,-9.01138988943489E-24,0.));
#1383=DIRECTION('',(0.,1.,0.));
#1384=DIRECTION('center_axis',(-1.,0.,-4.93038065763132E-32));
#1385=DIRECTION('ref_axis',(4.93038065763132E-32,-2.92262247936545E-46,
-1.));
#1386=DIRECTION('',(0.,6.31088723951704E-30,-1.));
#1387=DIRECTION('',(0.,1.,0.));
#1388=DIRECTION('center_axis',(1.,0.,4.93038065763132E-32));
#1389=DIRECTION('ref_axis',(-4.93038065763132E-32,0.,1.));
#1390=DIRECTION('',(0.,-1.,0.));
#1391=DIRECTION('',(-4.93038065763132E-32,-6.31088723951704E-30,1.));
#1392=DIRECTION('center_axis',(0.,0.,1.));
#1393=DIRECTION('ref_axis',(1.,0.,0.));
#1394=DIRECTION('',(0.,-1.,0.));
#1395=DIRECTION('',(-1.,0.,0.));
#1396=DIRECTION('',(0.,1.,0.));
#1397=DIRECTION('center_axis',(-1.,0.,0.));
#1398=DIRECTION('ref_axis',(0.,5.89966380385225E-82,-1.));
#1399=DIRECTION('',(0.,6.31088723951704E-30,-1.));
#1400=DIRECTION('',(0.,1.,0.));
#1401=DIRECTION('center_axis',(-9.01138988943489E-24,-1.,-6.31088723951704E-30));
#1402=DIRECTION('ref_axis',(0.,6.31088723951704E-30,-1.));
#1403=DIRECTION('',(0.,6.31088723951704E-30,-1.));
#1404=DIRECTION('',(1.,-9.01138988943489E-24,-1.04971031249319E-15));
#1405=DIRECTION('center_axis',(-1.,0.,0.));
#1406=DIRECTION('ref_axis',(0.,0.,1.));
#1407=DIRECTION('',(0.,1.,0.));
#1408=DIRECTION('center_axis',(-1.,0.,-2.52035320773767E-17));
#1409=DIRECTION('ref_axis',(-2.52035320773767E-17,0.,1.));
#1410=DIRECTION('',(0.,1.,0.));
#1411=DIRECTION('center_axis',(0.,1.,0.));
#1412=DIRECTION('ref_axis',(-0.707106781186547,0.,0.707106781186548));
#1413=DIRECTION('',(0.,1.,0.));
#1414=DIRECTION('center_axis',(0.,-1.,0.));
#1415=DIRECTION('ref_axis',(0.707106781186547,0.,0.707106781186548));
#1416=DIRECTION('',(0.,-1.,0.));
#1417=DIRECTION('',(0.,1.,0.));
#1418=DIRECTION('center_axis',(0.,0.,1.));
#1419=DIRECTION('ref_axis',(1.,0.,0.));
#1420=DIRECTION('',(0.,-1.,0.));
#1421=DIRECTION('',(-1.,0.,0.));
#1422=DIRECTION('center_axis',(1.,0.,-9.72274738965752E-16));
#1423=DIRECTION('ref_axis',(-9.72274738965752E-16,0.,-1.));
#1424=DIRECTION('',(0.,1.,0.));
#1425=DIRECTION('center_axis',(-1.04971031249319E-15,0.,-1.));
#1426=DIRECTION('ref_axis',(-1.,0.,1.04971031249319E-15));
#1427=DIRECTION('center_axis',(-1.04971031249319E-15,0.,-1.));
#1428=DIRECTION('ref_axis',(-1.,0.,1.04971031249319E-15));
#1429=DIRECTION('center_axis',(0.,0.,1.));
#1430=DIRECTION('ref_axis',(1.,0.,0.));
#1431=DIRECTION('',(-1.,0.,0.));
#1432=DIRECTION('center_axis',(-1.,0.,0.));
#1433=DIRECTION('ref_axis',(0.,0.,1.));
#1434=DIRECTION('',(0.,0.,-1.));
#1435=DIRECTION('center_axis',(1.,0.,4.93038065763132E-32));
#1436=DIRECTION('ref_axis',(-4.93038065763132E-32,0.,1.));
#1437=DIRECTION('',(0.,-1.,0.));
#1438=DIRECTION('',(0.,-1.,0.));
#1439=DIRECTION('center_axis',(-4.93038065763132E-32,0.,1.));
#1440=DIRECTION('ref_axis',(-1.,-1.32680286575857E-44,-4.93038065763132E-32));
#1441=DIRECTION('center_axis',(4.93038065763132E-32,0.,-1.));
#1442=DIRECTION('ref_axis',(1.,0.,4.93038065763132E-32));
#1443=DIRECTION('center_axis',(-4.93038065763132E-32,0.,1.));
#1444=DIRECTION('ref_axis',(-1.,0.,-4.93038065763132E-32));
#1445=DIRECTION('',(0.,-1.,0.));
#1446=DIRECTION('center_axis',(-1.,0.,-4.93038065763132E-32));
#1447=DIRECTION('ref_axis',(4.93038065763132E-32,0.,-1.));
#1448=DIRECTION('',(0.,-1.,0.));
#1449=DIRECTION('center_axis',(-4.93038065763132E-32,0.,1.));
#1450=DIRECTION('ref_axis',(-1.,0.,-4.93038065763132E-32));
#1451=DIRECTION('center_axis',(0.,0.,1.));
#1452=DIRECTION('ref_axis',(0.,-1.,0.));
#1453=DIRECTION('center_axis',(0.,0.,1.));
#1454=DIRECTION('ref_axis',(2.77555756156289E-16,-1.,0.));
#1455=DIRECTION('center_axis',(0.998463978221769,0.0554047307868041,2.65836561410231E-16));
#1456=DIRECTION('ref_axis',(0.0554047307868041,-0.998463978221769,0.));
#1457=DIRECTION('center_axis',(1.,0.,0.));
#1458=DIRECTION('ref_axis',(0.,-0.707106781186547,0.707106781186548));
#1459=DIRECTION('center_axis',(0.,0.,1.));
#1460=DIRECTION('ref_axis',(-1.,-1.12757025938492E-16,0.));
#1461=DIRECTION('center_axis',(0.,0.,1.));
#1462=DIRECTION('ref_axis',(1.,0.,0.));
#1463=DIRECTION('',(-1.,-1.88253074672756E-98,0.));
#1464=DIRECTION('center_axis',(0.,0.,1.));
#1465=DIRECTION('ref_axis',(0.,-1.,0.));
#1466=DIRECTION('',(1.,0.,0.));
#1467=DIRECTION('center_axis',(0.,0.,1.));
#1468=DIRECTION('ref_axis',(-1.,-1.12757025938492E-16,0.));
#1469=DIRECTION('',(-1.,9.01138988943489E-24,0.));
#1470=DIRECTION('center_axis',(0.,0.,-1.));
#1471=DIRECTION('ref_axis',(1.,0.,0.));
#1472=DIRECTION('center_axis',(0.,0.,-1.));
#1473=DIRECTION('ref_axis',(0.,-1.,0.));
#1474=DIRECTION('',(0.,0.,1.));
#1475=DIRECTION('center_axis',(0.,0.,1.));
#1476=DIRECTION('ref_axis',(0.,-1.,0.));
#1477=DIRECTION('',(0.,0.,-1.));
#1478=DIRECTION('center_axis',(-1.88253074672756E-98,1.,0.));
#1479=DIRECTION('ref_axis',(1.,1.88253074672756E-98,0.));
#1480=DIRECTION('',(0.,0.,1.));
#1481=DIRECTION('',(-1.,-1.88253074672756E-98,0.));
#1482=DIRECTION('center_axis',(0.,0.,1.));
#1483=DIRECTION('ref_axis',(1.,0.,0.));
#1484=DIRECTION('center_axis',(0.,0.,-1.));
#1485=DIRECTION('ref_axis',(1.,0.,0.));
#1486=DIRECTION('',(-1.,9.01138988943489E-24,0.));
#1487=DIRECTION('center_axis',(0.,0.,1.));
#1488=DIRECTION('ref_axis',(-1.,-1.12757025938492E-16,0.));
#1489=DIRECTION('',(1.,0.,0.));
#1490=DIRECTION('center_axis',(0.,0.,-1.));
#1491=DIRECTION('ref_axis',(1.,0.,0.));
#1492=DIRECTION('',(0.,0.,-1.));
#1493=DIRECTION('center_axis',(9.01138988943489E-24,1.,0.));
#1494=DIRECTION('ref_axis',(1.,-9.01138988943489E-24,0.));
#1495=DIRECTION('',(0.,0.,-1.));
#1496=DIRECTION('center_axis',(0.,0.,-1.));
#1497=DIRECTION('ref_axis',(-1.,-1.12757025938492E-16,0.));
#1498=DIRECTION('',(0.,0.,-1.));
#1499=DIRECTION('center_axis',(0.,-1.,0.));
#1500=DIRECTION('ref_axis',(-1.,0.,0.));
#1501=CARTESIAN_POINT('',(0.,0.,0.));
#1502=CARTESIAN_POINT('Origin',(23.1470582624978,-2.84999998509884,15.824));
#1503=CARTESIAN_POINT('',(-6.35809513236097,-1.66485998952026,15.824));
#1504=CARTESIAN_POINT('',(-5.37538297611319,-2.84999998509884,15.824));
#1505=CARTESIAN_POINT('Origin',(-5.37538297611319,-1.84999998509884,15.824));
#1506=CARTESIAN_POINT('',(-6.27460384824038,0.400000014901161,15.824));
#1507=CARTESIAN_POINT('Origin',(-13.3471439875952,-0.348144340965393,15.824));
#1508=CARTESIAN_POINT('',(-2.8786000445875,0.400000014901161,15.824));
#1509=CARTESIAN_POINT('',(11.5735291312489,0.400000014901161,15.824));
#1510=CARTESIAN_POINT('',(-2.8786000445875,-2.84999998509884,15.824));
#1511=CARTESIAN_POINT('',(-2.8786000445875,-2.22499998509884,15.824));
#1512=CARTESIAN_POINT('',(11.5735291312489,-2.84999998509884,15.824));
#1513=CARTESIAN_POINT('Origin',(2.4424906516071E-14,0.400000014901161,15.0043691606391));
#1514=CARTESIAN_POINT('',(-6.27460384824038,0.400000014901161,24.));
#1515=CARTESIAN_POINT('',(-6.27460384824038,0.400000014901161,0.));
#1516=CARTESIAN_POINT('',(-7.28110541017211,0.400000014901161,25.));
#1517=CARTESIAN_POINT('Ctrl Pts',(-7.28110541017211,0.400000014901161,25.));
#1518=CARTESIAN_POINT('Ctrl Pts',(-7.15652752430074,0.400000014901161,25.));
#1519=CARTESIAN_POINT('Ctrl Pts',(-7.00987392775894,0.400000014901161,24.9709996876787));
#1520=CARTESIAN_POINT('Ctrl Pts',(-6.78007276267338,0.400000014901161,24.8761648767365));
#1521=CARTESIAN_POINT('Ctrl Pts',(-6.6561483300463,0.400000014901161,24.7937497227158));
#1522=CARTESIAN_POINT('Ctrl Pts',(-6.48079980668548,0.400000014901161,24.6190153295795));
#1523=CARTESIAN_POINT('Ctrl Pts',(-6.39820922141748,0.400000014901161,24.4959280231212));
#1524=CARTESIAN_POINT('Ctrl Pts',(-6.30354782430392,0.400000014901161,24.2681166897197));
#1525=CARTESIAN_POINT('Ctrl Pts',(-6.27460384824038,0.400000014901161,24.123171976649));
#1526=CARTESIAN_POINT('Ctrl Pts',(-6.27460384824038,0.400000014901161,24.));
#1527=CARTESIAN_POINT('',(-20.41968412695,0.400000014901161,25.));
#1528=CARTESIAN_POINT('',(-6.67357199379758,0.400000014901161,25.));
#1529=CARTESIAN_POINT('',(-20.41968412695,0.400000014901162,4.));
#1530=CARTESIAN_POINT('',(-20.41968412695,0.400000014901161,0.));
#1531=CARTESIAN_POINT('',(-23.1470582624978,0.400000014901161,4.));
#1532=CARTESIAN_POINT('',(1.44328993090881E-14,0.400000014901161,4.));
#1533=CARTESIAN_POINT('',(-23.1470582624978,0.400000014901161,21.53));
#1534=CARTESIAN_POINT('',(-23.1470582624978,0.400000014901161,0.));
#1535=CARTESIAN_POINT('',(-15.1864816992912,0.400000014901161,29.5167703162194));
#1536=CARTESIAN_POINT('Ctrl Pts',(-23.1470582624978,0.400000014901161,21.53));
#1537=CARTESIAN_POINT('Ctrl Pts',(-23.1470582624978,0.40000001490116,22.564379179215));
#1538=CARTESIAN_POINT('Ctrl Pts',(-22.9466092219465,0.400000014901163,23.5891249480358));
#1539=CARTESIAN_POINT('Ctrl Pts',(-22.5567128473753,0.400000014901163,24.5471884044155));
#1540=CARTESIAN_POINT('Ctrl Pts',(-22.1819265160689,0.400000014901163,25.4681230716592));
#1541=CARTESIAN_POINT('Ctrl Pts',(-21.638688255002,0.400000014901165,26.3112246922902));
#1542=CARTESIAN_POINT('Ctrl Pts',(-20.9546913803544,0.400000014901165,27.0327862754248));
#1543=CARTESIAN_POINT('Ctrl Pts',(-20.3252536502922,0.400000014901165,27.696792357649));
#1544=CARTESIAN_POINT('Ctrl Pts',(-19.586282645072,0.40000001490115,28.2476656116704));
#1545=CARTESIAN_POINT('Ctrl Pts',(-18.7699938344246,0.40000001490115,28.6608100959923));
#1546=CARTESIAN_POINT('Ctrl Pts',(-17.9665605585341,0.400000014901149,29.0674480679027));
#1547=CARTESIAN_POINT('Ctrl Pts',(-17.0998978082903,0.400000014901165,29.3347429784448));
#1548=CARTESIAN_POINT('Ctrl Pts',(-16.2069695434803,0.400000014901165,29.4507453846335));
#1549=CARTESIAN_POINT('Ctrl Pts',(-15.8685825675908,0.400000014901165,29.4947060307156));
#1550=CARTESIAN_POINT('Ctrl Pts',(-15.5277113892959,0.400000014901161,29.5167703162194));
#1551=CARTESIAN_POINT('Ctrl Pts',(-15.1864816992912,0.400000014901161,29.5167703162194));
#1552=CARTESIAN_POINT('',(-2.8786000445875,0.400000014901161,29.5167703162194));
#1553=CARTESIAN_POINT('',(-7.75,0.400000014901161,29.5167703162194));
#1554=CARTESIAN_POINT('',(-2.8786000445875,0.400000014901161,11.6155139231128));
#1555=CARTESIAN_POINT('',(-4.49162136754561,0.400000014901161,19.174));
#1556=CARTESIAN_POINT('Origin',(-4.49162136754561,0.400000014901161,17.824));
#1557=CARTESIAN_POINT('Origin',(-13.3471439875952,-0.348144340965393,0.));
#1558=CARTESIAN_POINT('',(-6.35809513236097,-1.66485998952026,24.));
#1559=CARTESIAN_POINT('',(-6.35809513236097,-1.66485998952026,0.));
#1560=CARTESIAN_POINT('Origin',(-13.3471439875952,-0.348144340965393,24.));
#1561=CARTESIAN_POINT('Origin',(-5.37538297611319,-1.84999998509884,0.));
#1562=CARTESIAN_POINT('',(-5.37538297611319,-2.84999998509884,24.));
#1563=CARTESIAN_POINT('',(-5.37538297611319,-2.84999998509884,-6.31088723951704E-30));
#1564=CARTESIAN_POINT('Origin',(-5.37538297611319,-1.84999998509884,24.));
#1565=CARTESIAN_POINT('Origin',(-4.49162136754561,0.400000014901161,17.824));
#1566=CARTESIAN_POINT('',(-4.49162136754561,-0.949999985098839,17.824));
#1567=CARTESIAN_POINT('Origin',(-4.49162136754561,0.400000014901161,17.824));
#1568=CARTESIAN_POINT('Origin',(-6.67357199379758,-3.84999998509884,24.));
#1569=CARTESIAN_POINT('',(-2.8786000445875,-3.84999998509884,25.));
#1570=CARTESIAN_POINT('',(-2.8786000445875,-2.84999998509884,24.));
#1571=CARTESIAN_POINT('Origin',(-2.8786000445875,-3.84999998509884,24.));
#1572=CARTESIAN_POINT('',(-5.37538297611319,-3.84999998509884,25.));
#1573=CARTESIAN_POINT('',(-6.67357199379758,-3.84999998509884,25.));
#1574=CARTESIAN_POINT('Origin',(-5.37538297611319,-3.84999998509884,24.));
#1575=CARTESIAN_POINT('',(-6.67357199379758,-2.84999998509884,24.));
#1576=CARTESIAN_POINT('Origin',(-5.37538297611319,-1.84999998509884,24.));
#1577=CARTESIAN_POINT('',(-7.34080728860875,-1.47971999394168,25.));
#1578=CARTESIAN_POINT('Origin',(-7.34080728860875,-1.47971999394168,24.));
#1579=CARTESIAN_POINT('Origin',(-5.37538297611319,-1.84999998509884,25.));
#1580=CARTESIAN_POINT('Origin',(-13.3471439875952,-0.348144340965393,24.));
#1581=CARTESIAN_POINT('Origin',(-13.3471439875952,-0.348144340965393,25.));
#1582=CARTESIAN_POINT('Origin',(-13.3471439875952,-0.348144340965393,25.));
#1583=CARTESIAN_POINT('',(-2.8786000445875,-2.84999998509884,25.));
#1584=CARTESIAN_POINT('',(-2.8786000445875,-0.974072163032116,25.));
#1585=CARTESIAN_POINT('',(-2.8783924550416,-2.84999998509884,25.));
#1586=CARTESIAN_POINT('',(-2.9113924550416,-2.84999998509884,25.));
#1587=CARTESIAN_POINT('',(-2.8783924550416,-5.84999998509884,25.));
#1588=CARTESIAN_POINT('',(-2.8783924550416,-1.59907216303212,25.));
#1589=CARTESIAN_POINT('',(-8.84046799845231,-5.84999998509884,25.));
#1590=CARTESIAN_POINT('',(3.83173717996175,-5.84999998509884,25.));
#1591=CARTESIAN_POINT('Origin',(-13.3471439875952,-0.348144340965393,25.));
#1592=CARTESIAN_POINT('Origin',(-2.8783924550416,-2.84999998509884,27.6686628945151));
#1593=CARTESIAN_POINT('',(-2.8783924550416,-2.84999998509884,27.6686628945151));
#1594=CARTESIAN_POINT('',(-2.8783924550416,-2.84999998509884,21.3365160275771));
#1595=CARTESIAN_POINT('',(-2.8783924550416,-5.84999998509884,27.6686628945151));
#1596=CARTESIAN_POINT('',(-2.8783924550416,-2.84999998509884,27.6686628945151));
#1597=CARTESIAN_POINT('',(-2.8783924550416,-5.84999998509884,23.2762488912441));
#1598=CARTESIAN_POINT('Origin',(2.4424906516071E-14,-2.84999998509884,15.0043691606391));
#1599=CARTESIAN_POINT('',(-2.8786000445875,-2.84999998509884,11.6155139231128));
#1600=CARTESIAN_POINT('Origin',(10.5748668149651,-5.84999998509884,18.8838348879731));
#1601=CARTESIAN_POINT('',(-0.06945313750083,-5.84999998509884,27.6686628945151));
#1602=CARTESIAN_POINT('',(-2.9113924550416,-5.84999998509884,27.6686628945151));
#1603=CARTESIAN_POINT('',(-0.06945313750083,-5.84999998509884,26.4287713828336));
#1604=CARTESIAN_POINT('',(-0.06945313750083,-5.84999998509884,27.6686628945151));
#1605=CARTESIAN_POINT('',(12.5712251350582,-5.84999998509884,26.4287713828336));
#1606=CARTESIAN_POINT('',(6.11139995541252,-5.84999998509884,26.4287713828336));
#1607=CARTESIAN_POINT('',(12.5712251350582,-5.84999998509884,27.3766586855864));
#1608=CARTESIAN_POINT('',(12.5712251350582,-5.84999998509884,29.2816586855864));
#1609=CARTESIAN_POINT('',(14.6013339336125,-5.84999998509884,27.3766586855864));
#1610=CARTESIAN_POINT('',(15.0013999554125,-5.84999998509884,27.3766586855864));
#1611=CARTESIAN_POINT('',(14.6013336745177,-5.84999998509884,12.8322099610504));
#1612=CARTESIAN_POINT('',(14.6013336745177,-5.84999998509884,17.1612467867798));
#1613=CARTESIAN_POINT('',(16.6013336745177,-5.84999998509884,9.22665868558639));
#1614=CARTESIAN_POINT('Origin',(18.8513336745177,-5.84999998509884,12.8322099610504));
#1615=CARTESIAN_POINT('',(16.6013336745177,-5.84999998509884,4.));
#1616=CARTESIAN_POINT('',(16.6013336745177,-5.84999998509884,15.2215139231128));
#1617=CARTESIAN_POINT('',(7.70740949871309,-5.84999998509884,3.99972891828074));
#1618=CARTESIAN_POINT('',(5.28743340748255,-5.84999998509884,4.));
#1619=CARTESIAN_POINT('',(7.70740949871309,-5.84999998509884,12.4386586855864));
#1620=CARTESIAN_POINT('',(7.70740949871309,-5.84999998509884,17.1612467867798));
#1621=CARTESIAN_POINT('',(4.70740949871308,-5.84999998509884,15.4386586855864));
#1622=CARTESIAN_POINT('Origin',(4.70740949871309,-5.84999998509884,12.4386586855864));
#1623=CARTESIAN_POINT('',(2.93054686249917,-5.84999998509884,15.4386586855864));
#1624=CARTESIAN_POINT('',(15.0013999554125,-5.84999998509884,15.4386586855864));
#1625=CARTESIAN_POINT('',(-0.06945313750083,-5.84999998509884,12.4386586855864));
#1626=CARTESIAN_POINT('Origin',(2.93054686249917,-5.84999998509884,12.4386586855864));
#1627=CARTESIAN_POINT('',(-0.06945313750083,-5.84999998509884,3.99972891828074));
#1628=CARTESIAN_POINT('',(-0.06945313750083,-5.84999998509884,12.8582819031269));
#1629=CARTESIAN_POINT('',(-8.84046799845231,-5.84999998509884,4.));
#1630=CARTESIAN_POINT('',(5.28743340748255,-5.84999998509884,4.));
#1631=CARTESIAN_POINT('',(-8.84046799845231,-5.84999998509884,0.));
#1632=CARTESIAN_POINT('Ctrl Pts',(-23.1470582624978,-13.7826843782169,21.53));
#1633=CARTESIAN_POINT('Ctrl Pts',(-23.1470582624978,0.400000014901161,21.53));
#1634=CARTESIAN_POINT('Ctrl Pts',(-23.1470582624978,-13.7826843782169,22.564379179215));
#1635=CARTESIAN_POINT('Ctrl Pts',(-23.1470582624978,0.400000014901161,22.564379179215));
#1636=CARTESIAN_POINT('Ctrl Pts',(-22.9466092219465,-13.7826843782169,23.5891249480358));
#1637=CARTESIAN_POINT('Ctrl Pts',(-22.9466092219465,0.400000014901163,23.5891249480358));
#1638=CARTESIAN_POINT('Ctrl Pts',(-22.1819265160689,-13.7826843782169,25.4681230716592));
#1639=CARTESIAN_POINT('Ctrl Pts',(-22.1819265160689,0.400000014901163,25.4681230716592));
#1640=CARTESIAN_POINT('Ctrl Pts',(-21.638688255002,-13.7826843782169,26.3112246922902));
#1641=CARTESIAN_POINT('Ctrl Pts',(-21.638688255002,0.400000014901165,26.3112246922902));
#1642=CARTESIAN_POINT('Ctrl Pts',(-20.3252536502922,-13.7826843782169,27.696792357649));
#1643=CARTESIAN_POINT('Ctrl Pts',(-20.3252536502922,0.400000014901165,27.696792357649));
#1644=CARTESIAN_POINT('Ctrl Pts',(-19.586282645072,-13.7826843782169,28.2476656116704));
#1645=CARTESIAN_POINT('Ctrl Pts',(-19.586282645072,0.400000014901152,28.2476656116704));
#1646=CARTESIAN_POINT('Ctrl Pts',(-17.9665605585341,-13.7826843782169,29.0674480679027));
#1647=CARTESIAN_POINT('Ctrl Pts',(-17.9665605585341,0.400000014901152,29.0674480679027));
#1648=CARTESIAN_POINT('Ctrl Pts',(-17.0998978082903,-13.7826843782169,29.3347429784448));
#1649=CARTESIAN_POINT('Ctrl Pts',(-17.0998978082903,0.400000014901167,29.3347429784448));
#1650=CARTESIAN_POINT('Ctrl Pts',(-15.8685825675908,-13.7826843782169,29.4947060307156));
#1651=CARTESIAN_POINT('Ctrl Pts',(-15.8685825675908,0.400000014901167,29.4947060307156));
#1652=CARTESIAN_POINT('Ctrl Pts',(-15.5277113892959,-13.7826843782169,29.5167703162194));
#1653=CARTESIAN_POINT('Ctrl Pts',(-15.5277113892959,0.400000014901163,29.5167703162194));
#1654=CARTESIAN_POINT('Ctrl Pts',(-15.1864816992912,-13.7826843782169,29.5167703162194));
#1655=CARTESIAN_POINT('Ctrl Pts',(-15.1864816992912,0.400000014901163,29.5167703162194));
#1656=CARTESIAN_POINT('',(-23.1470582624978,-2.84999998509884,21.53));
#1657=CARTESIAN_POINT('',(-15.1864816992912,-2.84999998509884,29.5167703162194));
#1658=CARTESIAN_POINT('Ctrl Pts',(-23.1470582624978,-2.84999998509884,21.53));
#1659=CARTESIAN_POINT('Ctrl Pts',(-23.1470582624978,-2.84999998509884,22.564379179215));
#1660=CARTESIAN_POINT('Ctrl Pts',(-22.9466092219465,-2.84999998509884,23.5891249480358));
#1661=CARTESIAN_POINT('Ctrl Pts',(-22.5567128473753,-2.84999998509884,24.5471884044155));
#1662=CARTESIAN_POINT('Ctrl Pts',(-22.1819265160689,-2.84999998509884,25.4681230716592));
#1663=CARTESIAN_POINT('Ctrl Pts',(-21.638688255002,-2.84999998509883,26.3112246922902));
#1664=CARTESIAN_POINT('Ctrl Pts',(-20.9546913803544,-2.84999998509883,27.0327862754248));
#1665=CARTESIAN_POINT('Ctrl Pts',(-20.3252536502922,-2.84999998509883,27.696792357649));
#1666=CARTESIAN_POINT('Ctrl Pts',(-19.586282645072,-2.84999998509885,28.2476656116704));
#1667=CARTESIAN_POINT('Ctrl Pts',(-18.7699938344246,-2.84999998509885,28.6608100959923));
#1668=CARTESIAN_POINT('Ctrl Pts',(-17.9665605585341,-2.84999998509885,29.0674480679027));
#1669=CARTESIAN_POINT('Ctrl Pts',(-17.0998978082903,-2.84999998509883,29.3347429784448));
#1670=CARTESIAN_POINT('Ctrl Pts',(-16.2069695434803,-2.84999998509883,29.4507453846335));
#1671=CARTESIAN_POINT('Ctrl Pts',(-15.8685825675912,-2.84999998509883,29.4947060307156));
#1672=CARTESIAN_POINT('Ctrl Pts',(-15.5277113892968,-2.84999998509884,29.5167703162193));
#1673=CARTESIAN_POINT('Ctrl Pts',(-15.1864816992926,-2.84999998509884,29.5167703162194));
#1674=CARTESIAN_POINT('',(-15.1864816992912,-2.84999998509884,29.5167703162194));
#1675=CARTESIAN_POINT('',(-23.1470582624978,-2.84999998509884,21.53));
#1676=CARTESIAN_POINT('Ctrl Pts',(-15.5,-8.5,21.5299999999969));
#1677=CARTESIAN_POINT('Ctrl Pts',(-15.5,-8.50000000000018,22.0266553120846));
#1678=CARTESIAN_POINT('Ctrl Pts',(-15.4927484425063,-8.36931767665665,23.516741708433));
#1679=CARTESIAN_POINT('Ctrl Pts',(-15.4445367643556,-7.50048168955728,25.8842386201771));
#1680=CARTESIAN_POINT('Ctrl Pts',(-15.3358636756138,-5.54205389882698,28.1917033596039));
#1681=CARTESIAN_POINT('Ctrl Pts',(-15.2384558394224,-3.78664034022875,29.186057689847));
#1682=CARTESIAN_POINT('Ctrl Pts',(-15.1864816992912,-2.84999998509885,29.5167703162193));
#1683=CARTESIAN_POINT('Ctrl Pts',(-16.9544557322443,-8.5,21.5299999999963));
#1684=CARTESIAN_POINT('Ctrl Pts',(-16.9544557322444,-8.50000000000024,22.1119039531313));
#1685=CARTESIAN_POINT('Ctrl Pts',(-16.894337880433,-8.32287637290171,23.8634773165941));
#1686=CARTESIAN_POINT('Ctrl Pts',(-16.5400887465318,-7.19947066774654,26.4307914150192));
#1687=CARTESIAN_POINT('Ctrl Pts',(-16.0125120400255,-5.08424681193518,28.5417656840489));
#1688=CARTESIAN_POINT('Ctrl Pts',(-15.6732904448522,-3.42358640338156,29.3518022135688));
#1689=CARTESIAN_POINT('Ctrl Pts',(-15.5066835552483,-2.56529215294692,29.6172960670094));
#1690=CARTESIAN_POINT('Ctrl Pts',(-20.3520401970212,-7.55435469059188,21.5299999999954));
#1691=CARTESIAN_POINT('Ctrl Pts',(-20.3520401970215,-7.5543546905922,22.2554701067632));
#1692=CARTESIAN_POINT('Ctrl Pts',(-20.1687195609197,-7.32075184032017,24.448826408318));
#1693=CARTESIAN_POINT('Ctrl Pts',(-19.0968184226526,-5.92851074877096,27.3248165087482));
#1694=CARTESIAN_POINT('Ctrl Pts',(-17.590164156156,-3.84421380587576,29.0870232229192));
#1695=CARTESIAN_POINT('Ctrl Pts',(-16.6879519484078,-2.51958770284538,29.607506681796));
#1696=CARTESIAN_POINT('Ctrl Pts',(-16.2538307600323,-1.87270591573633,29.7718229884785));
#1697=CARTESIAN_POINT('Ctrl Pts',(-22.5773964376477,-4.7037179392147,21.5299999999957));
#1698=CARTESIAN_POINT('Ctrl Pts',(-22.577396437648,-4.70371793921491,22.2199396705568));
#1699=CARTESIAN_POINT('Ctrl Pts',(-22.3633702748369,-4.54997781558573,24.3026023190275));
#1700=CARTESIAN_POINT('Ctrl Pts',(-21.0624099924555,-3.63901266575628,27.1035625348109));
#1701=CARTESIAN_POINT('Ctrl Pts',(-19.0187136047066,-2.32968929598938,28.9535375182026));
#1702=CARTESIAN_POINT('Ctrl Pts',(-17.6543364216096,-1.5263911233669,29.5455217965593));
#1703=CARTESIAN_POINT('Ctrl Pts',(-16.9772365401445,-1.13607233395621,29.7343593663974));
#1704=CARTESIAN_POINT('Ctrl Pts',(-23.1470582624978,-2.8499999850987,21.5299999999961));
#1705=CARTESIAN_POINT('Ctrl Pts',(-23.1470582624981,-2.84999998509883,22.143756798178));
#1706=CARTESIAN_POINT('Ctrl Pts',(-22.9604026462539,-2.75917828291991,23.9933279701629));
#1707=CARTESIAN_POINT('Ctrl Pts',(-21.7982121719884,-2.22287614896845,26.627504036847));
#1708=CARTESIAN_POINT('Ctrl Pts',(-19.7292661944511,-1.44026867485956,28.6600997791762));
#1709=CARTESIAN_POINT('Ctrl Pts',(-18.1707252425533,-0.950112030405462,
29.4071768481335));
#1710=CARTESIAN_POINT('Ctrl Pts',(-17.3729051183713,-0.710872782551688,
29.6507220964571));
#1711=CARTESIAN_POINT('',(-15.5,-8.5,21.53));
#1712=CARTESIAN_POINT('Origin',(-15.5,-0.499999999999996,21.53));
#1713=CARTESIAN_POINT('Origin',(-15.03,-0.0299999999999956,21.53));
#1714=CARTESIAN_POINT('Origin',(-13.3471439875952,-0.348144340965393,0.));
#1715=CARTESIAN_POINT('Origin',(-13.3471439875952,-0.348144340965393,4.));
#1716=CARTESIAN_POINT('Origin',(2.4424906516071E-14,-2.84999998509884,15.0043691606391));
#1717=CARTESIAN_POINT('',(-0.069516315384807,-2.84999998509884,8.2266586855864));
#1718=CARTESIAN_POINT('',(-0.06945313750083,-2.84999998509884,12.4386586855864));
#1719=CARTESIAN_POINT('',(-0.06945313750083,-2.84999998509884,7.86373557404968));
#1720=CARTESIAN_POINT('',(2.93054686249917,-2.84999998509884,15.4386586855864));
#1721=CARTESIAN_POINT('Origin',(2.93054686249917,-2.84999998509884,12.4386586855864));
#1722=CARTESIAN_POINT('',(4.70740949871309,-2.84999998509884,15.4386586855864));
#1723=CARTESIAN_POINT('',(3.05569997770627,-2.84999998509884,15.4386586855864));
#1724=CARTESIAN_POINT('',(7.70740949871309,-2.84999998509884,12.4386586855864));
#1725=CARTESIAN_POINT('Origin',(4.70740949871309,-2.84999998509884,12.4386586855864));
#1726=CARTESIAN_POINT('',(7.70742050673123,-2.84999998509884,8.22665868558639));
#1727=CARTESIAN_POINT('',(7.70740949871309,-2.84999998509884,15.2215139231128));
#1728=CARTESIAN_POINT('',(-0.0312897466343798,-2.84999998509884,8.2266586855864));
#1729=CARTESIAN_POINT('Origin',(4.44089209850063E-15,4.44089209850063E-15,
4.));
#1730=CARTESIAN_POINT('',(-15.5,-8.5,4.));
#1731=CARTESIAN_POINT('',(15.5,-8.5,4.));
#1732=CARTESIAN_POINT('',(-7.75,-8.5,4.));
#1733=CARTESIAN_POINT('',(-23.1470582624978,-2.84999998509884,4.));
#1734=CARTESIAN_POINT('Origin',(-15.5,-0.499999999999996,4.));
#1735=CARTESIAN_POINT('',(-23.1470582624978,-1.42499999254942,4.));
#1736=CARTESIAN_POINT('',(11.8434094987131,-5.84999998509884,3.99972891828074));
#1737=CARTESIAN_POINT('',(16.6013336745177,-2.84999998509884,4.));
#1738=CARTESIAN_POINT('',(16.6013336745177,-1.42499999254942,4.));
#1739=CARTESIAN_POINT('',(13.1306576233654,-2.84999998509884,4.));
#1740=CARTESIAN_POINT('',(7.30066683725883,-2.84999998509884,4.));
#1741=CARTESIAN_POINT('',(13.1306576233654,0.400000014901161,4.));
#1742=CARTESIAN_POINT('',(13.1306576233654,0.200000007450583,4.));
#1743=CARTESIAN_POINT('',(23.1470582624978,0.400000014901161,4.));
#1744=CARTESIAN_POINT('',(1.44328993090881E-14,0.400000014901161,4.));
#1745=CARTESIAN_POINT('',(23.1470582624978,-2.84999998509884,4.));
#1746=CARTESIAN_POINT('',(23.1470582624978,-1.42499999254942,4.));
#1747=CARTESIAN_POINT('Origin',(15.5,-0.499999999999997,4.));
#1748=CARTESIAN_POINT('Origin',(-15.5,-8.5,0.));
#1749=CARTESIAN_POINT('',(15.5,-8.5,21.53));
#1750=CARTESIAN_POINT('',(-7.75,-8.5,21.53));
#1751=CARTESIAN_POINT('',(-15.5,-8.5,0.));
#1752=CARTESIAN_POINT('',(15.5,-8.5,0.));
#1753=CARTESIAN_POINT('Origin',(18.8513336745177,-2.84999998509884,12.8322099610504));
#1754=CARTESIAN_POINT('',(14.6013336745177,-2.84999998509884,12.8322099610504));
#1755=CARTESIAN_POINT('',(14.6013336745177,-2.84999998509884,12.8322099610504));
#1756=CARTESIAN_POINT('',(15.1013999554125,-2.84999998509884,10.8320856893317));
#1757=CARTESIAN_POINT('Origin',(18.8513336745177,-2.84999998509884,12.8322099610504));
#1758=CARTESIAN_POINT('',(16.6013336745177,-2.84999998509884,9.22665868558639));
#1759=CARTESIAN_POINT('Origin',(18.8513336745177,-2.84999998509884,12.8322099610504));
#1760=CARTESIAN_POINT('',(16.6013336745177,-2.84999998509884,9.22665868558639));
#1761=CARTESIAN_POINT('Origin',(2.4424906516071E-14,-2.84999998509884,15.0043691606391));
#1762=CARTESIAN_POINT('',(12.5712251350582,-2.84999998509884,26.4287713828336));
#1763=CARTESIAN_POINT('',(-0.06945313750083,-2.84999998509884,26.4287713828336));
#1764=CARTESIAN_POINT('',(3.05569997770627,-2.84999998509884,26.4287713828336));
#1765=CARTESIAN_POINT('',(-0.06945313750083,-2.84999998509884,27.6686628945151));
#1766=CARTESIAN_POINT('',(-0.06945313750083,-2.84999998509884,7.86373557404968));
#1767=CARTESIAN_POINT('',(-0.0347265687504028,-2.84999998509884,27.6686628945151));
#1768=CARTESIAN_POINT('',(-2.8786000445875,-2.84999998509884,29.5167703162194));
#1769=CARTESIAN_POINT('',(-2.8786000445875,-2.84999998509884,11.6155139231128));
#1770=CARTESIAN_POINT('',(15.1013999554125,-2.84999998509884,29.5167703162194));
#1771=CARTESIAN_POINT('',(-7.75,-2.84999998509884,29.5167703162194));
#1772=CARTESIAN_POINT('',(15.1013999554125,-2.84999998509884,22.4210044058363));
#1773=CARTESIAN_POINT('',(14.6013339336125,-2.84999998509884,27.3766586855864));
#1774=CARTESIAN_POINT('',(14.6013336745177,-2.84999998509884,15.2215139231128));
#1775=CARTESIAN_POINT('',(12.5712251350582,-2.84999998509884,27.3766586855864));
#1776=CARTESIAN_POINT('',(7.50069997770628,-2.84999998509884,27.3766586855864));
#1777=CARTESIAN_POINT('',(12.5712251350582,-2.84999998509884,21.1905139231128));
#1778=CARTESIAN_POINT('Origin',(16.6013336745177,-2.84999998509884,4.));
#1779=CARTESIAN_POINT('',(16.6013336745177,-2.84999998509884,8.22665868558639));
#1780=CARTESIAN_POINT('Origin',(14.6013336745177,-2.84999998509884,15.4386586855864));
#1781=CARTESIAN_POINT('',(14.6013336745177,-2.84999998509884,27.3766586855864));
#1782=CARTESIAN_POINT('Origin',(23.1470582624978,-2.84999998509884,21.53));
#1783=CARTESIAN_POINT('',(23.1470582624978,0.400000014901161,21.53));
#1784=CARTESIAN_POINT('',(23.1470582624978,0.400000014901161,0.));
#1785=CARTESIAN_POINT('',(23.1470582624978,-2.84999998509884,21.53));
#1786=CARTESIAN_POINT('',(23.1470582624978,-2.84999998509884,21.53));
#1787=CARTESIAN_POINT('',(23.1470582624978,-2.84999998509884,0.));
#1788=CARTESIAN_POINT('Origin',(2.4424906516071E-14,0.400000014901161,15.0043691606391));
#1789=CARTESIAN_POINT('',(13.1306576233654,0.400000014901161,8.22665868558639));
#1790=CARTESIAN_POINT('',(13.1306576233654,0.400000014901161,7.50218458031956));
#1791=CARTESIAN_POINT('',(15.1013999554125,0.400000014901161,8.22665868558639));
#1792=CARTESIAN_POINT('',(7.55069997770627,0.400000014901161,8.22665868558639));
#1793=CARTESIAN_POINT('',(15.1013999554125,0.400000014901161,29.5167703162194));
#1794=CARTESIAN_POINT('',(15.1013999554125,0.400000014901161,22.4210044058363));
#1795=CARTESIAN_POINT('',(15.1864816992912,0.400000014901161,29.5167703162194));
#1796=CARTESIAN_POINT('',(-7.75,0.400000014901161,29.5167703162194));
#1797=CARTESIAN_POINT('Ctrl Pts',(15.1864816992912,0.40000001490116,29.5167703162194));
#1798=CARTESIAN_POINT('Ctrl Pts',(15.9682447542833,0.40000001490116,29.5167703162194));
#1799=CARTESIAN_POINT('Ctrl Pts',(16.7456945377239,0.400000014901177,29.4009645895333));
#1800=CARTESIAN_POINT('Ctrl Pts',(17.4936479681113,0.400000014901177,29.173461310178));
#1801=CARTESIAN_POINT('Ctrl Pts',(18.3756676895399,0.400000014901177,28.9051793945818));
#1802=CARTESIAN_POINT('Ctrl Pts',(19.2042840496589,0.400000014900435,28.4853477685699));
#1803=CARTESIAN_POINT('Ctrl Pts',(19.9426522986584,0.400000014900435,27.9332275086139));
#1804=CARTESIAN_POINT('Ctrl Pts',(20.784650112019,0.400000014900435,27.303617483772));
#1805=CARTESIAN_POINT('Ctrl Pts',(21.4938545527911,0.400000014901155,26.5135416648746));
#1806=CARTESIAN_POINT('Ctrl Pts',(22.0297840503153,0.400000014901155,25.6089518994764));
#1807=CARTESIAN_POINT('Ctrl Pts',(22.387343878881,0.400000014901155,25.0054304233637));
#1808=CARTESIAN_POINT('Ctrl Pts',(22.6639257473233,0.40000001490116,24.3574350451635));
#1809=CARTESIAN_POINT('Ctrl Pts',(22.8524782135835,0.40000001490116,23.6817533151077));
#1810=CARTESIAN_POINT('Ctrl Pts',(23.0479620827474,0.40000001490116,22.9812327569073));
#1811=CARTESIAN_POINT('Ctrl Pts',(23.1470582624978,0.400000014901162,22.2572876876424));
#1812=CARTESIAN_POINT('Ctrl Pts',(23.1470582624978,0.400000014901162,21.53));
#1813=CARTESIAN_POINT('',(19.0000002980232,0.400000014901161,22.1000002980232));
#1814=CARTESIAN_POINT('Origin',(19.0000002980232,0.400000014901161,20.0000002980232));
#1815=CARTESIAN_POINT('Origin',(13.1306576233654,0.400000014901161,0.));
#1816=CARTESIAN_POINT('',(13.1306576233654,-2.84999998509884,8.22665868558639));
#1817=CARTESIAN_POINT('',(13.1306576233654,-2.84999998509884,7.50218458031956));
#1818=CARTESIAN_POINT('',(13.1306576233654,-0.599999985098839,8.22665868558639));
#1819=CARTESIAN_POINT('Origin',(2.4424906516071E-14,-2.84999998509884,15.0043691606391));
#1820=CARTESIAN_POINT('',(15.1013999554125,-2.84999998509884,8.22665868558639));
#1821=CARTESIAN_POINT('',(15.1013999554125,-2.84999998509884,22.4210044058363));
#1822=CARTESIAN_POINT('',(7.55069997770627,-2.84999998509884,8.22665868558639));
#1823=CARTESIAN_POINT('Origin',(19.0000002980232,0.400000014901161,20.0000002980232));
#1824=CARTESIAN_POINT('',(19.0000002980232,-1.69999998509884,20.0000002980232));
#1825=CARTESIAN_POINT('Origin',(19.0000002980232,0.400000014901161,20.0000002980232));
#1826=CARTESIAN_POINT('Origin',(11.8434094987131,-2.84999998509884,3.99972891828074));
#1827=CARTESIAN_POINT('',(-0.0694531375008295,-2.84999998509884,4.));
#1828=CARTESIAN_POINT('',(-0.06945313750083,-2.84999998509884,3.99972891828074));
#1829=CARTESIAN_POINT('',(7.70740949871309,-2.84999998509884,4.));
#1830=CARTESIAN_POINT('',(1.44328992944446E-14,-2.84999998509884,4.));
#1831=CARTESIAN_POINT('',(7.70740949871309,-2.84999998509884,3.99972891828074));
#1832=CARTESIAN_POINT('Origin',(7.70740949871309,-2.84999998509884,15.4386586855864));
#1833=CARTESIAN_POINT('',(7.70740949871309,-2.84999998509884,10.9185490394599));
#1834=CARTESIAN_POINT('',(7.70740949871309,-2.84999998509884,12.4386586855864));
#1835=CARTESIAN_POINT('Origin',(-0.06945313750083,-2.84999998509884,0.723101987460226));
#1836=CARTESIAN_POINT('',(-0.06945313750083,-2.84999998509884,12.4386586855864));
#1837=CARTESIAN_POINT('',(-0.06945313750083,-2.84999998509884,7.86373557404968));
#1838=CARTESIAN_POINT('Origin',(23.1470582624978,-2.84999998509884,4.));
#1839=CARTESIAN_POINT('',(-0.0695794932687832,0.400000014901161,4.));
#1840=CARTESIAN_POINT('',(-0.0695794932687818,-1.22499998509884,4.));
#1841=CARTESIAN_POINT('',(7.70742050673123,0.400000014901161,4.));
#1842=CARTESIAN_POINT('',(-0.0625794932687829,0.400000014901161,4.));
#1843=CARTESIAN_POINT('',(7.70742050673123,-1.22499998509884,4.));
#1844=CARTESIAN_POINT('Origin',(7.70742050673123,0.400000014901161,8.22665868558639));
#1845=CARTESIAN_POINT('',(7.70742050673123,0.400000014901161,8.22665868558639));
#1846=CARTESIAN_POINT('',(7.70742050673123,0.400000014901161,11.6155139231128));
#1847=CARTESIAN_POINT('',(7.70742050673123,-0.599999985098839,8.22665868558639));
#1848=CARTESIAN_POINT('Origin',(2.4424906516071E-14,0.400000014901161,15.0043691606391));
#1849=CARTESIAN_POINT('',(-0.0695794932687829,0.400000014901161,8.2266586855864));
#1850=CARTESIAN_POINT('',(-0.0695794932687829,0.400000014901161,11.6155139231128));
#1851=CARTESIAN_POINT('',(7.55069997770627,0.400000014901161,8.22665868558639));
#1852=CARTESIAN_POINT('Origin',(-0.0695794932687829,0.400000014901161,8.2266586855864));
#1853=CARTESIAN_POINT('',(-0.069579493268784,-0.599999985098839,8.2266586855864));
#1854=CARTESIAN_POINT('Origin',(-2.8786000445875,-1.59999998509884,8.22665868558641));
#1855=CARTESIAN_POINT('',(-2.8786000445875,-2.22499998509884,29.5167703162194));
#1856=CARTESIAN_POINT('Origin',(2.93054686249917,-2.84999998509884,12.4386586855864));
#1857=CARTESIAN_POINT('',(2.93054686249917,-2.84999998509884,15.4386586855864));
#1858=CARTESIAN_POINT('Origin',(4.70740949871309,-2.84999998509884,12.4386586855864));
#1859=CARTESIAN_POINT('',(4.70740949871309,-2.84999998509884,15.4386586855864));
#1860=CARTESIAN_POINT('Ctrl Pts',(15.1864816992912,-2.84999998509884,29.5167703162194));
#1861=CARTESIAN_POINT('Ctrl Pts',(15.1864816992912,0.40000001490116,29.5167703162194));
#1862=CARTESIAN_POINT('Ctrl Pts',(15.9682447542833,-2.84999998509884,29.5167703162194));
#1863=CARTESIAN_POINT('Ctrl Pts',(15.9682447542833,0.40000001490116,29.5167703162194));
#1864=CARTESIAN_POINT('Ctrl Pts',(16.7456945377239,-2.84999998509882,29.4009645895333));
#1865=CARTESIAN_POINT('Ctrl Pts',(16.7456945377239,0.400000014901177,29.4009645895333));
#1866=CARTESIAN_POINT('Ctrl Pts',(18.3756676895399,-2.84999998509882,28.9051793945818));
#1867=CARTESIAN_POINT('Ctrl Pts',(18.3756676895399,0.400000014901177,28.9051793945818));
#1868=CARTESIAN_POINT('Ctrl Pts',(19.2042840496589,-2.84999998509956,28.4853477685699));
#1869=CARTESIAN_POINT('Ctrl Pts',(19.2042840496589,0.400000014900435,28.4853477685699));
#1870=CARTESIAN_POINT('Ctrl Pts',(20.784650112019,-2.84999998509956,27.303617483772));
#1871=CARTESIAN_POINT('Ctrl Pts',(20.784650112019,0.400000014900435,27.303617483772));
#1872=CARTESIAN_POINT('Ctrl Pts',(21.4938545527911,-2.84999998509885,26.5135416648746));
#1873=CARTESIAN_POINT('Ctrl Pts',(21.4938545527911,0.400000014901155,26.5135416648746));
#1874=CARTESIAN_POINT('Ctrl Pts',(22.387343878881,-2.84999998509885,25.0054304233637));
#1875=CARTESIAN_POINT('Ctrl Pts',(22.387343878881,0.400000014901155,25.0054304233637));
#1876=CARTESIAN_POINT('Ctrl Pts',(22.6639257473233,-2.84999998509884,24.3574350451635));
#1877=CARTESIAN_POINT('Ctrl Pts',(22.6639257473233,0.40000001490116,24.3574350451635));
#1878=CARTESIAN_POINT('Ctrl Pts',(23.0479620827474,-2.84999998509884,22.9812327569073));
#1879=CARTESIAN_POINT('Ctrl Pts',(23.0479620827474,0.40000001490116,22.9812327569073));
#1880=CARTESIAN_POINT('Ctrl Pts',(23.1470582624978,-2.84999998509884,22.2572876876424));
#1881=CARTESIAN_POINT('Ctrl Pts',(23.1470582624978,0.400000014901162,22.2572876876424));
#1882=CARTESIAN_POINT('Ctrl Pts',(23.1470582624978,-2.84999998509884,21.53));
#1883=CARTESIAN_POINT('Ctrl Pts',(23.1470582624978,0.400000014901162,21.53));
#1884=CARTESIAN_POINT('',(15.1864816992912,-2.84999998509884,29.5167703162194));
#1885=CARTESIAN_POINT('Ctrl Pts',(23.1470582624978,-2.84999998509884,21.53));
#1886=CARTESIAN_POINT('Ctrl Pts',(23.1470582624978,-2.84999998509884,22.2572876876424));
#1887=CARTESIAN_POINT('Ctrl Pts',(23.0479620827474,-2.84999998509884,22.9812327569073));
#1888=CARTESIAN_POINT('Ctrl Pts',(22.8524782135835,-2.84999998509884,23.6817533151077));
#1889=CARTESIAN_POINT('Ctrl Pts',(22.6639257473233,-2.84999998509884,24.3574350451635));
#1890=CARTESIAN_POINT('Ctrl Pts',(22.387343878881,-2.84999998509885,25.0054304233637));
#1891=CARTESIAN_POINT('Ctrl Pts',(22.0297840503153,-2.84999998509885,25.6089518994764));
#1892=CARTESIAN_POINT('Ctrl Pts',(21.4938545527911,-2.84999998509885,26.5135416648746));
#1893=CARTESIAN_POINT('Ctrl Pts',(20.784650112019,-2.84999998509956,27.303617483772));
#1894=CARTESIAN_POINT('Ctrl Pts',(19.9426522986584,-2.84999998509956,27.9332275086139));
#1895=CARTESIAN_POINT('Ctrl Pts',(19.2042840496589,-2.84999998509956,28.4853477685699));
#1896=CARTESIAN_POINT('Ctrl Pts',(18.3756676895399,-2.84999998509882,28.9051793945818));
#1897=CARTESIAN_POINT('Ctrl Pts',(17.4936479681113,-2.84999998509882,29.173461310178));
#1898=CARTESIAN_POINT('Ctrl Pts',(16.7456945377239,-2.84999998509882,29.4009645895333));
#1899=CARTESIAN_POINT('Ctrl Pts',(15.9682447542833,-2.84999998509884,29.5167703162194));
#1900=CARTESIAN_POINT('Ctrl Pts',(15.1864816992912,-2.84999998509884,29.5167703162194));
#1901=CARTESIAN_POINT('',(15.1864816992912,-2.84999998509884,29.5167703162194));
#1902=CARTESIAN_POINT('Origin',(-15.1864816992912,-2.84999998509884,29.5167703162194));
#1903=CARTESIAN_POINT('',(15.1013999554125,-2.22499998509884,29.5167703162194));
#1904=CARTESIAN_POINT('',(-7.75,-2.84999998509884,29.5167703162194));
#1905=CARTESIAN_POINT('Origin',(15.1013999554125,-1.59999998509884,29.8376396510335));
#1906=CARTESIAN_POINT('',(15.1013999554125,-1.59999998509884,8.22665868558639));
#1907=CARTESIAN_POINT('Origin',(15.1013999554125,-1.59999998509884,8.22665868558639));
#1908=CARTESIAN_POINT('Origin',(15.1013999554125,-1.59999998509884,8.22665868558639));
#1909=CARTESIAN_POINT('Origin',(-15.1864816992912,-2.84999998509884,29.5167703162194));
#1910=CARTESIAN_POINT('',(-7.75,-2.84999998509884,29.5167703162194));
#1911=CARTESIAN_POINT('Origin',(-23.1470582624978,-2.84999998509884,0.));
#1912=CARTESIAN_POINT('',(-23.1470582624978,-2.84999998509884,0.));
#1913=CARTESIAN_POINT('Origin',(-0.06945313750083,-2.84999998509884,0.723101987460226));
#1914=CARTESIAN_POINT('',(-0.06945313750083,-4.34999998509884,26.4287713828336));
#1915=CARTESIAN_POINT('',(-0.06945313750083,-2.84999998509884,27.6686628945151));
#1916=CARTESIAN_POINT('Origin',(-0.06945313750083,-2.84999998509884,27.6686628945151));
#1917=CARTESIAN_POINT('Origin',(6.11139995541252,-2.84999998509884,15.4386586855864));
#1918=CARTESIAN_POINT('Origin',(12.5712251350582,-2.84999998509884,26.4287713828336));
#1919=CARTESIAN_POINT('',(12.5712251350582,-2.84999998509884,26.4287713828336));
#1920=CARTESIAN_POINT('Origin',(12.5712251350582,-2.84999998509884,27.3766586855864));
#1921=CARTESIAN_POINT('',(12.5712251350582,-2.84999998509884,27.3766586855864));
#1922=CARTESIAN_POINT('Origin',(15.0013999554125,-2.84999998509884,27.3766586855864));
#1923=CARTESIAN_POINT('Origin',(15.5,-0.499999999999997,0.));
#1924=CARTESIAN_POINT('Origin',(15.5,-0.499999999999996,21.53));
#1925=CARTESIAN_POINT('Ctrl Pts',(23.1470582624978,-2.84999998509884,21.53));
#1926=CARTESIAN_POINT('Ctrl Pts',(23.1470582624978,-2.84999998509884,22.1437567981817));
#1927=CARTESIAN_POINT('Ctrl Pts',(23.022509137049,-2.78999126090622,23.3690790349726));
#1928=CARTESIAN_POINT('Ctrl Pts',(22.3198974187691,-2.46193690083395,25.6177315923911));
#1929=CARTESIAN_POINT('Ctrl Pts',(20.5110926187353,-1.7020255400889,28.2039799994286));
#1930=CARTESIAN_POINT('Ctrl Pts',(18.5696353046439,-1.06973165433229,29.2854042239718));
#1931=CARTESIAN_POINT('Ctrl Pts',(17.3729051183712,-0.710872782551718,29.6507220964571));
#1932=CARTESIAN_POINT('Ctrl Pts',(22.7198118938602,-4.24028845068581,21.53));
#1933=CARTESIAN_POINT('Ctrl Pts',(22.7198118938602,-4.24028845068581,22.2002615146275));
#1934=CARTESIAN_POINT('Ctrl Pts',(22.5817493512922,-4.14866945645265,23.5374841857751));
#1935=CARTESIAN_POINT('Ctrl Pts',(21.8135440419986,-3.64967384047734,25.9408637134471));
#1936=CARTESIAN_POINT('Ctrl Pts',(19.9296765080319,-2.49924355806206,28.5075590546794));
#1937=CARTESIAN_POINT('Ctrl Pts',(18.1370514069102,-1.5585601456583,29.4095504051295));
#1938=CARTESIAN_POINT('Ctrl Pts',(17.0761536847012,-1.0297724461051,29.7134500489123));
#1939=CARTESIAN_POINT('Ctrl Pts',(20.8178458665728,-7.21019593704687,21.53));
#1940=CARTESIAN_POINT('Ctrl Pts',(20.8178458665728,-7.21019593704687,22.262610360132));
#1941=CARTESIAN_POINT('Ctrl Pts',(20.6867502543194,-7.05904188173785,23.7236016063731));
#1942=CARTESIAN_POINT('Ctrl Pts',(19.9743929649169,-6.23307141672591,26.2942879962956));
#1943=CARTESIAN_POINT('Ctrl Pts',(18.3495477763269,-4.30450415209408,28.8286979439292));
#1944=CARTESIAN_POINT('Ctrl Pts',(17.0689365564032,-2.68501571063566,29.5384271966562));
#1945=CARTESIAN_POINT('Ctrl Pts',(16.3605272476694,-1.76831746237046,29.7783597756073));
#1946=CARTESIAN_POINT('Ctrl Pts',(17.439274309659,-8.5,21.53));
#1947=CARTESIAN_POINT('Ctrl Pts',(17.439274309659,-8.5,22.141173221204));
#1948=CARTESIAN_POINT('Ctrl Pts',(17.3884009076186,-8.37186832548845,23.3605338354724));
#1949=CARTESIAN_POINT('Ctrl Pts',(17.1080021968161,-7.64114179474954,25.6044191614041));
#1950=CARTESIAN_POINT('Ctrl Pts',(16.4596228231116,-5.74887042630291,28.1986335770759));
#1951=CARTESIAN_POINT('Ctrl Pts',(15.9206775381822,-3.71870178696605,29.2853440734893));
#1952=CARTESIAN_POINT('Ctrl Pts',(15.613417507234,-2.4703895422296,29.6508046506061));
#1953=CARTESIAN_POINT('Ctrl Pts',(15.5,-8.5,21.53));
#1954=CARTESIAN_POINT('Ctrl Pts',(15.5,-8.5,22.0266553120876));
#1955=CARTESIAN_POINT('Ctrl Pts',(15.4951309408162,-8.41225333768835,23.0199748029803));
#1956=CARTESIAN_POINT('Ctrl Pts',(15.4662821061159,-7.89236050808952,24.9447824542106));
#1957=CARTESIAN_POINT('Ctrl Pts',(15.3818055964893,-6.36998596226437,27.5615631835426));
#1958=CARTESIAN_POINT('Ctrl Pts',(15.2644429094879,-4.25496051779326,29.020701376661));
#1959=CARTESIAN_POINT('Ctrl Pts',(15.1864816992912,-2.84999998509884,29.5167703162194));
#1960=CARTESIAN_POINT('Origin',(15.03,-0.0299999999999956,21.53));
#1961=CARTESIAN_POINT('Origin',(-7.75,-0.0299999999999956,21.53));
#1962=CARTESIAN_POINT('Origin',(-15.5,-0.499999999999996,0.));
#1963=CARTESIAN_POINT('Origin',(4.44089209850063E-15,4.44089209850063E-15,
-7.483));
#1964=CARTESIAN_POINT('',(21.4478988020512,-5.84999998509884,-7.483));
#1965=CARTESIAN_POINT('',(-8.84046799845231,-5.84999998509884,-7.483));
#1966=CARTESIAN_POINT('',(-4.42023399922615,-5.84999998509884,-7.483));
#1967=CARTESIAN_POINT('',(15.5,-8.5,-7.483));
#1968=CARTESIAN_POINT('Origin',(15.5,-0.499999999999997,-7.483));
#1969=CARTESIAN_POINT('',(-15.5,-8.5,-7.483));
#1970=CARTESIAN_POINT('',(7.75,-8.5,-7.483));
#1971=CARTESIAN_POINT('',(-23.1470582624978,-2.84999998509884,-7.483));
#1972=CARTESIAN_POINT('Origin',(-15.5,-0.499999999999996,-7.483));
#1973=CARTESIAN_POINT('',(-20.0045655857755,-2.84999998509884,-7.483));
#1974=CARTESIAN_POINT('',(-11.5735291312489,-2.84999998509884,-7.483));
#1975=CARTESIAN_POINT('Origin',(-13.3471439875952,-0.348144340965393,-7.483));
#1976=CARTESIAN_POINT('Origin',(15.5,-0.499999999999997,0.));
#1977=CARTESIAN_POINT('',(21.4478988020512,-5.84999998509884,4.));
#1978=CARTESIAN_POINT('',(21.4478988020512,-5.84999998509884,0.));
#1979=CARTESIAN_POINT('',(15.5,-8.5,4.));
#1980=CARTESIAN_POINT('Origin',(15.5,-0.499999999999997,4.));
#1981=CARTESIAN_POINT('',(15.5,-8.5,0.));
#1982=CARTESIAN_POINT('Origin',(-8.84046799845231,-5.84999998509884,0.));
#1983=CARTESIAN_POINT('',(-8.84046799845231,-5.84999998509884,4.));
#1984=CARTESIAN_POINT('',(-8.84046799845231,-5.84999998509884,-3.49466124563523E-16));
#1985=CARTESIAN_POINT('',(-3.34486119470744,-5.84999998509884,4.));
#1986=CARTESIAN_POINT('Origin',(4.44089209850063E-15,4.44089209850063E-15,
4.));
#1987=CARTESIAN_POINT('',(-20.0045655857755,-2.84999998509884,4.));
#1988=CARTESIAN_POINT('Origin',(-13.3471439875952,-0.348144340965393,4.));
#1989=CARTESIAN_POINT('',(-23.1470582624978,-2.84999998509884,4.));
#1990=CARTESIAN_POINT('',(1.44328992944446E-14,-2.84999998509884,4.));
#1991=CARTESIAN_POINT('',(-15.5,-8.5,4.));
#1992=CARTESIAN_POINT('Origin',(-15.5,-0.499999999999996,4.));
#1993=CARTESIAN_POINT('',(15.5,-8.5,4.));
#1994=CARTESIAN_POINT('Origin',(-13.3471439875952,-0.348144340965393,0.));
#1995=CARTESIAN_POINT('',(-20.0045655857755,-2.84999998509884,0.));
#1996=CARTESIAN_POINT('Origin',(-23.1470582624978,-2.84999998509884,0.));
#1997=CARTESIAN_POINT('',(-23.1470582624978,-2.84999998509884,0.));
#1998=CARTESIAN_POINT('Origin',(-15.5,-0.499999999999996,0.));
#1999=CARTESIAN_POINT('',(-15.5,-8.5,0.));
#2000=CARTESIAN_POINT('Origin',(15.5,-8.5,0.));
#2001=UNCERTAINTY_MEASURE_WITH_UNIT(LENGTH_MEASURE(0.01),#2005,
'DISTANCE_ACCURACY_VALUE',
'Maximum model space distance between geometric entities at asserted c
onnectivities');
#2002=UNCERTAINTY_MEASURE_WITH_UNIT(LENGTH_MEASURE(0.01),#2005,
'DISTANCE_ACCURACY_VALUE',
'Maximum model space distance between geometric entities at asserted c
onnectivities');
#2003=(
GEOMETRIC_REPRESENTATION_CONTEXT(3)
GLOBAL_UNCERTAINTY_ASSIGNED_CONTEXT((#2001))
GLOBAL_UNIT_ASSIGNED_CONTEXT((#2005,#2006,#2007))
REPRESENTATION_CONTEXT('','3D')
);
#2004=(
GEOMETRIC_REPRESENTATION_CONTEXT(3)
GLOBAL_UNCERTAINTY_ASSIGNED_CONTEXT((#2002))
GLOBAL_UNIT_ASSIGNED_CONTEXT((#2005,#2006,#2007))
REPRESENTATION_CONTEXT('','3D')
);
#2005=(
LENGTH_UNIT()
NAMED_UNIT(*)
SI_UNIT(.MILLI.,.METRE.)
);
#2006=(
NAMED_UNIT(*)
PLANE_ANGLE_UNIT()
SI_UNIT($,.RADIAN.)
);
#2007=(
NAMED_UNIT(*)
SI_UNIT($,.STERADIAN.)
SOLID_ANGLE_UNIT()
);
#2008=SHAPE_DEFINITION_REPRESENTATION(#2009,#2010);
#2009=PRODUCT_DEFINITION_SHAPE('',$,#2012);
#2010=SHAPE_REPRESENTATION('',(#1106),#2003);
#2011=PRODUCT_DEFINITION_CONTEXT('part definition',#2016,'design');
#2012=PRODUCT_DEFINITION('NexBar','NexBar',#2013,#2011);
#2013=PRODUCT_DEFINITION_FORMATION('',$,#2018);
#2014=PRODUCT_RELATED_PRODUCT_CATEGORY('NexBar','NexBar',(#2018));
#2015=APPLICATION_PROTOCOL_DEFINITION('international standard',
'automotive_design',2009,#2016);
#2016=APPLICATION_CONTEXT(
'Core Data for Automotive Mechanical Design Process');
#2017=PRODUCT_CONTEXT('part definition',#2016,'mechanical');
#2018=PRODUCT('NexBar','NexBar',$,(#2017));
#2019=PRESENTATION_STYLE_ASSIGNMENT((#2020));
#2020=SURFACE_STYLE_USAGE(.BOTH.,#2021);
#2021=SURFACE_SIDE_STYLE('',(#2022));
#2022=SURFACE_STYLE_FILL_AREA(#2023);
#2023=FILL_AREA_STYLE('Steel - Satin',(#2024));
#2024=FILL_AREA_STYLE_COLOUR('Steel - Satin',#2025);
#2025=COLOUR_RGB('Steel - Satin',0.627450980392157,0.627450980392157,0.627450980392157);
ENDSEC;
END-ISO-10303-21;
